,,,,,Popular Stats,,,,,,Field Goals,,,Three Pointers,,,Free Throws,,,More Stats,
NAME,Team,Pos,G,MIN,PTS,REB,AST,STL,BLK,TO,FGM,FGA,FG%,3PM,3PA,3P%,FTM,FTA,FT%,OREB,DREB
Precious Achiuwa,MIA,C,65,15.00000,5.84615,4.10769,0.70769,0.32308,0.38462,0.72308,2.44615,4.78462,51.1,0.24615,0.90769,27.1,0.70769,1.13846,62.2,1.27692,2.84615
Steven Adams,HOU,C,58,15.00000,4.34483,5.65517,1.53448,0.48276,0.65517,0.86207,1.86207,3.17241,58.7,0.00000,0.00000,0.0,0.62069,1.50000,41.4,2.60345,3.05172
Bam Adebayo,MIA,C,74,34.00000,19.67568,9.41892,4.75676,1.12162,0.90541,2.37838,7.40541,15.29730,48.4,1.22973,3.40541,36.1,3.63514,4.75676,76.4,2.28378,7.13514
Ochai Agbaji,TOR,F,69,19.40580,6.94203,2.36232,1.27536,0.56522,0.50725,0.81159,2.56522,6.28986,40.8,0.79710,2.79710,28.5,1.01449,1.36232,74.5,0.71014,1.65217
Santi Aldama,MEM,F,70,29.00000,15.12857,7.25714,3.77143,0.87143,0.64286,1.28571,5.57143,11.60000,48.0,2.20000,5.80000,37.9,1.78571,2.57143,69.4,2.75714,4.50000
Nickeil Alexander-Walker,ATL,G,76,26.19737,9.63158,3.14474,2.78947,0.92105,0.52632,1.31579,3.28947,7.59211,43.3,1.82895,4.71053,38.8,1.22368,1.56579,78.2,0.61842,2.52632
Grayson Allen,PHX,G,67,26.00000,10.14925,3.19403,2.28358,0.65672,0.25373,0.61194,3.37313,7.19403,46.9,1.98507,4.59701,43.2,1.41791,1.61194,88.0,0.46269,2.73134
Jarrett Allen,CLE,C,77,28.00000,14.25974,9.87013,2.14286,0.84416,0.93506,1.27273,5.84416,8.35065,70.0,0.07792,0.27273,28.6,2.49351,3.35065,74.4,3.37662,6.49351
Jose Alvarado,NOP,G,60,18.70000,8.26667,2.05000,3.00000,1.11667,0.18333,0.93333,2.86667,6.73333,42.6,1.60000,4.11667,38.9,0.93333,1.18333,78.9,0.51667,1.55000
Kyle Anderson,UTA,F,70,20.00000,7.12857,3.75714,3.00000,0.84286,0.60000,0.95714,2.88571,5.95714,48.4,0.37143,1.10000,33.8,0.98571,1.41429,69.7,0.70000,3.05714
Giannis Antetokounmpo,MIL,F,68,34.50000,31.77941,11.54412,6.89706,1.02941,1.02941,4.30882,12.10294,21.22059,57.0,0.51471,1.89706,27.1,7.05882,11.04412,63.9,1.98529,9.54412
Cole Anthony,MIL,G,65,18.00000,9.72308,3.06154,2.58462,0.63077,0.35385,1.49231,3.50769,8.10769,43.3,1.13846,3.24615,35.1,1.56923,1.84615,85.0,0.27692,2.78462
OG Anunoby,NYK,F,67,34.89552,17.43284,4.71642,2.08955,1.64179,0.86567,1.40299,6.40299,13.26866,48.3,2.25373,5.94030,37.9,2.37313,2.97015,79.9,1.31343,3.38806
Deni Avdija,POR,F,74,32.00000,18.75676,7.51351,4.48649,1.18919,0.58108,3.04054,6.24324,13.12162,47.6,2.01351,5.44595,37.0,4.25676,5.59459,76.1,0.91892,6.59459
Deandre Ayton,LAL,C,69,32.00000,16.07246,10.63768,1.71014,0.84058,1.18841,1.69565,7.15942,11.26087,63.6,0.05797,0.28986,20.0,1.69565,2.24638,75.5,2.66667,7.97101
Marvin Bagley,WAS,C,52,11.59615,5.69231,3.42308,0.36538,0.23077,0.17308,0.40385,2.34615,4.51923,51.9,0.28846,0.98077,29.4,0.71154,1.01923,69.8,1.05769,2.36538
Ace Bailey,UTA,F,72,30.00000,13.81944,5.69444,1.80556,0.66667,0.66667,1.80556,5.09722,12.00000,42.5,1.79167,5.09722,35.1,1.83333,2.55556,71.7,1.13889,4.55556
Patrick Baldwin,LAC,F,58,14.39655,6.74138,2.39655,0.93103,0.27586,0.17241,0.87931,2.05172,5.10345,40.2,1.36207,3.82759,35.6,1.27586,1.75862,72.5,0.72414,1.67241
LaMelo Ball,CHA,G,60,33.00000,24.46667,5.11667,7.50000,1.33333,0.30000,3.63333,8.33333,20.35000,41.0,3.81667,10.66667,35.8,3.98333,4.71667,84.5,1.10000,4.01667
Lonzo Ball,CLE,G,55,23.00000,8.70909,4.32727,4.60000,1.27273,0.50909,1.50909,3.12727,8.12727,38.5,1.85455,5.05455,36.7,0.60000,0.76364,78.6,0.65455,3.67273
Mo Bamba,UTA,C,47,14.40426,6.04255,4.08511,0.68085,0.29787,0.93617,0.61702,2.36170,4.87234,48.5,0.85106,2.21277,38.5,0.46809,0.57447,81.5,1.06383,3.02128
Paolo Banchero,ORL,F,69,34.00000,25.36232,7.14493,4.75362,0.91304,0.68116,2.72464,8.69565,18.36232,47.4,1.85507,5.43478,34.1,6.11594,8.15942,75.0,2.14493,5.00000
Desmond Bane,ORL,G,69,32.40580,20.07246,4.78261,4.37681,1.07246,0.42029,2.26087,7.30435,15.75362,46.4,2.91304,7.44928,39.1,2.55072,2.91304,87.6,0.65217,4.11594
Harrison Barnes,SAS,F,81,27.00000,11.46914,3.23457,1.18519,0.55556,0.14815,0.81481,3.80247,8.20988,46.3,1.67901,4.32099,38.9,2.18519,2.64198,82.7,0.61728,2.62963
Scottie Barnes,TOR,F,71,34.50704,19.40845,7.92958,5.52113,1.38028,1.21127,2.66197,7.30986,16.01408,45.6,1.49296,4.83099,30.9,3.29577,4.28169,77.0,2.77465,5.15493
RJ Barrett,TOR,F,69,33.00000,20.17391,5.47826,4.62319,0.66667,0.31884,2.30435,7.47826,15.73913,47.5,1.75362,4.95652,35.4,3.46377,4.95652,69.9,0.88406,4.59420
Charles Bassey,ATL,C,23,7.30435,3.00000,2.69565,0.30435,0.21739,0.73913,0.34783,1.30435,2.04348,63.8,0.00000,0.17391,0.0,0.39130,0.52174,75.0,0.95652,1.73913
Nicolas Batum,LAC,F,70,16.00000,5.27143,2.78571,1.10000,0.62857,0.45714,0.44286,1.90000,4.22857,44.9,1.15714,2.95714,39.1,0.31429,0.41429,75.9,0.31429,2.45714
Bradley Beal,LAC,G,55,29.00000,15.29091,3.54545,4.34545,0.83636,0.30909,2.03636,5.69091,11.74545,48.5,1.74545,4.49091,38.9,2.16364,2.54545,85.0,0.70909,2.81818
MarJon Beauchamp,POR,F,65,12.80000,5.40000,2.40000,0.83077,0.24615,0.18462,0.78462,2.12308,4.50769,47.1,0.38462,1.09231,35.2,0.76923,1.03077,74.6,0.72308,1.67692
Joan Beringer,MIN,C,39,8.41026,2.51282,1.92308,0.25641,0.28205,0.35897,0.71795,1.05128,1.66667,63.1,0.00000,0.00000,0.0,0.41026,0.51282,80.0,0.38462,1.53846
Saddiq Bey,NOP,F,64,18.00000,8.00000,2.93750,1.54688,0.48438,0.10938,0.64063,2.68750,6.37500,42.2,1.23438,3.59375,34.3,1.39063,1.68750,82.4,0.71875,2.21875
Goga Bitadze,ORL,C,59,15.00000,7.18644,3.64407,1.13559,0.42373,0.86441,0.94915,2.69492,5.18644,52.0,0.47458,1.64407,28.9,1.32203,1.93220,68.4,1.62712,2.01695
Bismack Biyombo,SAS,C,35,13.71429,5.65714,4.51429,0.62857,0.31429,0.71429,0.68571,2.31429,3.91429,59.1,0.00000,0.00000,0.0,1.02857,1.91429,53.7,1.71429,2.82857
Anthony Black,ORL,G,75,24.00000,11.24000,2.88000,3.36000,1.20000,0.72000,1.92000,4.04000,8.88000,45.5,0.97333,2.88000,33.8,2.18667,2.88000,75.9,0.58667,2.29333
Bogdan Bogdanovic,LAC,G,65,19.30769,8.76923,2.12308,2.03077,0.70769,0.15385,0.96923,3.15385,7.33846,43.0,1.60000,4.24615,37.7,0.86154,0.96923,88.9,0.24615,1.87692
Adem Bona,PHI,C,65,19.00000,7.44615,5.32308,0.58462,0.44615,1.52308,1.13846,2.92308,4.20000,69.6,0.00000,0.01538,0.0,1.60000,2.27692,70.3,1.93846,3.38462
Devin Booker,PHX,G,68,36.50000,28.51471,4.38235,7.29412,1.01471,0.36765,2.92647,10.07353,21.42647,47.0,2.64706,7.66176,34.5,5.72059,6.57353,87.0,0.57353,3.80882
Chris Boucher,BOS,F,65,21.10769,11.53846,5.90769,0.69231,0.52308,0.63077,0.67692,4.10769,8.44615,48.6,1.46154,4.21538,34.7,1.86154,2.41538,77.1,2.13846,3.76923
Tony Bradley,IND,C,60,20.00000,8.75000,7.00000,0.80000,0.40000,0.80000,0.80000,3.93333,6.20000,63.4,0.08333,0.20000,41.7,0.80000,1.20000,66.7,1.33333,5.66667
Malaki Branham,WAS,G,40,9.00000,4.27500,0.90000,0.90000,0.17500,0.10000,0.55000,1.65000,3.77500,43.7,0.57500,1.62500,35.4,0.40000,0.47500,84.2,0.27500,0.62500
Christian Braun,DEN,G,77,33.00000,15.25974,5.11688,2.57143,0.98701,0.50649,1.15584,5.84416,10.72727,54.5,1.32468,3.29870,40.2,2.24675,2.80519,80.1,1.53247,3.58442
Mikal Bridges,NYK,F,82,35.00000,16.74390,3.14634,3.46341,1.01220,0.52439,1.53659,6.82927,13.82927,49.4,1.95122,5.42683,36.0,1.13415,1.40244,80.9,0.67073,2.47561
Miles Bridges,CHA,F,68,33.50000,19.30882,7.02941,3.35294,0.86765,0.67647,1.83824,7.11765,15.41176,46.2,2.01471,6.02941,33.4,3.05882,3.69118,82.9,1.13235,5.89706
Malcolm Brogdon,NYK,G,50,17.00000,8.56000,2.38000,2.98000,0.46000,0.20000,1.08000,3.00000,6.76000,44.4,1.06000,2.62000,40.5,1.50000,1.76000,85.2,0.42000,1.96000
Dillon Brooks,PHX,F,71,30.00000,15.00000,3.45070,2.09859,0.90141,0.26761,1.50704,5.52113,13.19718,41.8,2.00000,5.70423,35.1,1.95775,2.39437,81.8,0.98592,2.47887
Bruce Brown,DEN,G,69,19.69565,7.50725,3.14493,1.97101,0.69565,0.20290,0.78261,2.89855,6.07246,47.7,0.59420,1.73913,34.2,1.11594,1.37681,81.1,0.91304,2.23188
Charlie Brown,MEM,G,8,5.50000,0.75000,1.00000,0.12500,0.25000,0.12500,0.12500,0.25000,1.25000,20.0,0.00000,0.37500,0.0,0.25000,0.25000,100.0,0.37500,0.50000
Jaylen Brown,BOS,F,68,34.00000,25.67647,7.14706,5.10294,1.26471,0.30882,3.05882,9.63235,20.36765,47.3,2.33824,7.10294,32.9,4.07353,5.44118,74.9,0.94118,6.20588
Kendall Brown,BOS,F,21,4.90476,2.47619,1.71429,0.33333,0.09524,0.19048,0.28571,0.95238,1.71429,55.6,0.14286,0.42857,33.3,0.42857,0.61905,69.2,0.52381,1.19048
Kobe Brown,LAC,F,50,9.80000,3.64000,1.14000,0.46000,0.22000,0.26000,0.54000,1.32000,3.16000,41.8,0.42000,1.20000,35.0,0.58000,0.72000,80.6,0.24000,0.90000
Moses Brown,DEN,C,15,6.40000,3.20000,2.53333,0.00000,0.13333,0.26667,0.40000,1.20000,2.00000,60.0,0.00000,0.00000,0.0,0.80000,1.33333,60.0,0.73333,1.80000
Jalen Brunson,NYK,G,70,34.50000,25.37143,2.75714,6.90000,0.90000,0.14286,2.41429,8.64286,18.18571,47.5,2.38571,6.10000,39.1,5.70000,6.87143,83.0,0.38571,2.37143
Carter Bryant,SAS,F,66,16.80303,4.84848,2.01515,0.74242,0.56061,0.62121,0.83333,1.80303,3.86364,46.7,0.71212,2.01515,35.3,0.53030,0.74242,71.4,0.40909,1.60606
Thomas Bryant,CLE,C,36,9.69444,4.13889,2.69444,0.50000,0.13889,0.41667,0.41667,1.55556,2.86111,54.4,0.30556,0.91667,33.3,0.72222,0.88889,81.3,0.63889,2.02778
Kobe Bufkin,BKN,G,60,16.00000,7.75000,2.71667,2.23333,0.48333,0.35000,0.88333,2.76667,6.88333,40.2,0.80000,2.88333,27.7,1.41667,1.91667,73.9,0.55000,2.16667
Jared Butler,PHX,G,45,14.20000,6.35556,1.77778,2.48889,0.66667,0.31111,1.31111,2.40000,5.95556,40.3,1.11111,3.46667,32.1,0.44444,0.62222,71.4,0.20000,1.57778
Jimmy Butler,GSW,F,61,31.00000,16.91803,5.26230,5.42623,1.39344,0.31148,1.55738,5.18033,10.40984,49.8,0.73770,2.04918,36.0,5.81967,6.91803,84.1,1.60656,3.67213
Matas Buzelis,CHI,F,75,30.00000,15.06667,5.85333,2.40000,0.70667,1.56000,1.80000,5.34667,11.54667,46.3,1.94667,5.25333,37.1,2.42667,3.00000,80.9,1.22667,4.62667
Kentavious Caldwell-Pope,MEM,G,76,30.00000,10.56579,3.36842,1.86842,1.06579,0.32895,1.25000,3.56579,8.11842,43.9,1.67105,4.19737,39.8,1.76316,1.98684,88.7,0.52632,2.82895
Toumani Camara,POR,F,75,29.00000,11.17333,5.50667,2.02667,1.45333,0.61333,1.16000,4.09333,8.70667,47.0,1.69333,4.34667,39.0,1.29333,1.74667,74.0,1.93333,3.58667
Clint Capela,HOU,C,64,19.40625,7.50000,7.56250,0.87500,0.42188,0.96875,0.78125,3.26563,5.73438,56.9,0.00000,0.00000,0.0,0.96875,1.60938,60.2,2.40625,5.15625
Bub Carrington,WAS,G,79,30.00000,11.96203,5.10127,4.50633,0.83544,0.15190,1.79747,4.54430,10.73418,42.3,1.78481,5.10127,35.0,1.08861,1.31646,82.7,0.73418,4.36709
Devin Carter,SAC,G,69,14.00000,6.34783,2.63768,1.71014,0.76812,0.20290,0.69565,2.07246,5.17391,40.1,0.78261,2.37681,32.9,1.42029,1.88406,75.4,0.37681,2.24638
Jevon Carter,CHI,G,70,10.00000,2.98571,1.21429,1.05714,0.27143,0.15714,0.37143,1.08571,2.80000,38.8,0.65714,1.87143,35.1,0.15714,0.20000,78.6,0.15714,1.05714
Wendell Carter,ORL,C,61,26.29508,11.14754,7.00000,2.09836,0.50820,0.60656,1.65574,4.13115,8.29508,49.8,1.03279,3.03279,34.1,1.85246,2.60656,71.1,1.50820,5.49180
Alex Caruso,OKC,G,67,20.00000,6.56716,3.00000,3.00000,1.59701,0.59701,1.00000,2.25373,5.19403,43.4,1.37313,3.59701,38.2,0.68657,0.88060,78.0,0.67164,2.32836
Stephon Castle,SAS,G,76,29.00000,13.25000,4.64474,4.64474,1.07895,0.57895,1.90789,5.09211,12.01316,42.4,1.51316,4.93421,30.7,1.55263,1.97368,78.7,0.93421,3.71053
Julian Champagnie,SAS,F,36,7.80556,2.25000,2.00000,0.30556,0.22222,0.11111,0.22222,0.86111,1.86111,46.3,0.27778,0.77778,35.7,0.25000,0.25000,100.0,1.02778,0.97222
Max Christie,DAL,G,70,27.00000,10.35714,3.24286,2.15714,0.85714,0.48571,1.35714,3.44286,7.94286,43.3,1.54286,4.05714,38.0,1.92857,2.30000,83.9,0.97143,2.27143
Brandon Clarke,MEM,C,60,20.00000,9.46667,5.20000,1.26667,0.70000,0.80000,0.60000,4.03333,6.60000,61.1,0.11667,0.60000,19.4,1.28333,1.80000,71.3,2.05000,3.15000
Jordan Clarkson,NYK,G,69,23.79710,14.08696,2.85507,3.33333,0.71014,0.17391,1.89855,4.92754,11.66667,42.2,1.82609,5.47826,33.3,2.40580,2.89855,83.0,0.69565,2.15942
Nic Claxton,BKN,C,71,29.00000,12.90141,8.12676,2.32394,0.87324,1.74648,1.30986,5.69014,9.28169,61.3,0.11268,0.57746,19.5,1.40845,2.60563,54.1,2.43662,5.69014
Walter Clayton,UTA,G,70,20.50000,9.97143,2.45714,2.50000,0.67143,0.20000,1.42857,3.60000,8.20000,43.9,1.35714,3.68571,36.8,1.41429,1.64286,86.1,0.48571,1.97143
Nique Clifford,SAC,G,61,9.39344,4.68852,1.78689,1.14754,0.31148,0.24590,0.80328,1.65574,3.62295,45.7,0.39344,1.13115,34.8,0.98361,1.19672,82.2,0.36066,1.42623
Donovan Clingan,POR,C,70,27.70000,9.68571,9.97143,1.94286,0.65714,2.21429,1.38571,3.95714,7.05714,56.1,0.30000,0.97143,30.9,1.47143,2.44286,60.2,2.78571,7.18571
Noah Clowney,BKN,F,65,25.60000,12.07692,5.12308,1.27692,0.61538,0.84615,1.03077,4.03077,9.47692,42.5,2.24615,6.40000,35.1,1.76923,2.16923,81.6,0.83077,4.29231
Amir Coffey,MIL,F,67,19.50746,7.76119,2.44776,1.53731,0.47761,0.19403,0.56716,2.65672,5.80597,45.8,1.20896,3.16418,38.2,1.23881,1.46269,84.7,0.32836,2.13433
Isaiah Collier,UTA,G,74,28.50000,10.62162,3.70270,7.12162,1.13514,0.18919,2.85135,3.93243,8.83784,44.5,0.82432,2.85135,28.9,1.93243,2.82432,68.4,0.52703,3.17568
John Collins,LAC,F,66,29.00000,15.19697,7.54545,1.45455,0.72727,0.96970,1.74242,5.78788,10.93939,52.9,1.27273,3.54545,35.9,2.34848,2.89394,81.2,1.66667,5.87879
Zach Collins,CHI,C,63,18.00000,7.96825,5.04762,2.06349,0.46032,0.58730,1.25397,3.00000,6.06349,49.5,0.66667,1.98413,33.6,1.30159,1.61905,80.4,1.50794,3.52381
Mike Conley,MIN,G,70,22.90000,6.97143,2.05714,3.42857,0.80000,0.18571,0.91429,2.32857,5.72857,40.6,1.55714,3.90000,39.9,0.75714,0.91429,82.8,0.44286,1.61429
Pat Connaughton,CHA,F,60,15.00000,4.18333,2.41667,1.48333,0.45000,0.13333,0.31667,1.50000,3.45000,43.5,0.81667,2.33333,35.0,0.36667,0.48333,75.9,0.40000,2.01667
Bilal Coulibaly,WAS,F,65,33.00000,13.36923,5.27692,3.63077,1.32308,0.89231,1.98462,4.86154,11.21538,43.3,1.30769,3.95385,33.1,2.33846,3.26154,71.7,1.07692,4.20000
Cedric Coward,MEM,G,70,25.50000,10.27143,3.57143,2.55714,0.51429,0.41429,1.78571,3.70000,8.47143,43.7,1.58571,4.22857,37.5,1.28571,1.52857,84.1,0.71429,2.85714
Cade Cunningham,DET,G,69,34.50725,26.76812,6.20290,8.94203,1.07246,0.71014,4.14493,10.02899,20.82609,48.2,2.15942,6.00000,36.0,4.55072,5.34783,85.1,1.01449,5.18841
Seth Curry,GSW,G,43,15.09302,6.81395,1.41860,1.62791,0.37209,0.09302,0.76744,2.48837,5.27907,47.1,1.25581,3.00000,41.9,0.58140,0.67442,86.2,0.13953,1.25581
Stephen Curry,GSW,G,67,32.00000,23.94030,4.31343,5.76119,0.86567,0.32836,2.88060,7.88060,17.59701,44.8,4.35821,10.88060,40.1,3.82090,4.16418,91.8,0.43284,3.88060
Tristan da Silva,ORL,F,74,18.00000,7.10811,2.87838,1.44595,0.37838,0.27027,0.71622,2.50000,5.75676,43.4,1.04054,2.87838,36.2,1.06757,1.25676,84.9,0.41892,2.45946
Pacome Dadiet,NYK,F,45,10.00000,3.60000,1.71111,0.51111,0.31111,0.20000,0.40000,1.22222,3.31111,36.9,0.64444,2.00000,32.2,0.51111,0.68889,74.2,0.24444,1.44444
Dyson Daniels,ATL,G,70,33.00000,14.62857,5.94286,4.45714,2.80000,0.75714,1.98571,6.05714,12.21429,49.6,1.15714,3.30000,35.1,1.35714,2.14286,63.3,1.78571,4.15714
Anthony Davis,DAL,C,65,33.50769,24.12308,11.06154,4.35385,1.13846,2.24615,2.50769,9.21538,18.43077,50.0,0.92308,3.35385,27.5,4.76923,6.03077,79.1,2.96923,8.07692
Terence Davis,SAC,G,12,8.50000,5.08333,1.50000,0.66667,0.41667,0.16667,0.50000,1.83333,4.25000,43.1,0.83333,2.33333,35.7,0.58333,0.66667,87.5,0.16667,1.33333
JD Davison,HOU,G,55,8.90909,4.60000,3.09091,0.58182,0.18182,0.36364,0.54545,1.76364,3.14545,56.1,0.27273,0.76364,35.7,0.80000,1.09091,73.3,0.92727,2.16364
Egor Demin,BKN,G,70,27.00000,11.04286,4.58571,4.05714,0.94286,0.32857,2.30000,4.20000,10.68571,39.3,1.85714,6.21429,29.9,0.78571,1.08571,72.4,0.91429,3.67143
DeMar DeRozan,SAC,F,73,34.00000,20.26027,3.73973,4.08219,0.78082,0.30137,1.35616,7.42466,15.64384,47.5,1.01370,3.05479,33.2,4.39726,5.09589,86.3,0.53425,3.20548
Moussa Diabate,CHA,C,70,19.00000,6.61429,6.60000,0.95714,0.75714,0.67143,0.95714,2.64286,4.52857,58.4,0.02857,0.15714,18.2,1.30000,2.08571,62.3,1.98571,4.62857
Gradey Dick,TOR,F,65,28.00000,14.58462,3.35385,1.95385,1.06154,0.24615,1.40000,4.83077,11.47692,42.1,2.27692,6.15385,37.0,2.64615,3.07692,86.0,0.29231,3.06154
Ousmane Dieng,OKC,F,46,12.19565,4.80435,2.19565,1.13043,0.23913,0.50000,0.76087,1.95652,4.30435,45.5,0.32609,1.04348,31.3,0.56522,0.80435,70.3,0.65217,1.54348
Rob Dillingham,MIN,G,65,14.90769,7.32308,1.49231,2.98462,0.60000,0.07692,1.35385,2.87692,6.41538,44.8,0.90769,2.38462,38.1,0.66154,0.81538,81.1,0.21538,1.27692
Spencer Dinwiddie,CHA,G,65,12.00000,4.56923,1.20000,1.80000,0.26154,0.07692,0.63077,1.55385,3.78462,41.1,0.61538,1.80000,34.2,0.84615,1.06154,79.7,0.20000,1.00000
Donte DiVincenzo,MIN,G,69,27.00000,12.26087,3.78261,3.78261,1.21739,0.27536,1.62319,4.23188,9.95652,42.5,2.86957,7.28986,39.4,0.92754,1.18841,78.0,0.88406,2.88406
Luka Doncic,LAL,G,68,34.50000,29.01471,7.94118,7.82353,1.55882,0.33824,3.45588,9.45588,20.17647,46.9,3.45588,9.48529,36.4,6.64706,8.63235,77.0,0.75000,7.19118
Luguentz Dort,OKC,F,71,28.50704,10.07042,4.09859,1.70423,1.14085,0.53521,0.85915,3.56338,8.26761,43.1,2.28169,5.70423,40.0,0.66197,0.85915,77.0,0.73239,3.36620
Ayo Dosunmu,CHI,G,70,27.40000,12.40000,3.01429,3.88571,0.82857,0.44286,1.40000,4.84286,9.75714,49.6,1.38571,3.72857,37.2,1.32857,1.64286,80.9,0.38571,2.62857
Andre Drummond,PHI,C,65,16.00000,5.95385,6.40000,0.64615,0.80000,0.47692,1.20000,2.43077,4.50769,53.9,0.00000,0.03077,0.0,1.09231,1.83077,59.7,2.15385,4.24615
David Duke,PHX,G,22,8.18182,2.54545,1.59091,0.40909,0.31818,0.18182,0.22727,0.95455,2.59091,36.8,0.22727,0.90909,25.0,0.40909,0.50000,81.8,0.72727,0.90909
Kris Dunn,LAC,G,66,24.00000,6.07576,3.12121,2.87879,1.68182,0.48485,0.95455,2.43939,5.51515,44.2,1.03030,2.87879,35.8,0.16667,0.24242,68.8,0.56061,2.56061
Ryan Dunn,PHX,F,74,19.00000,8.31081,3.79730,0.94595,0.66216,0.56757,0.75676,3.24324,7.21622,44.9,1.25676,3.79730,33.1,0.56757,0.94595,60.0,0.94595,2.85135
Kevin Durant,HOU,F,65,35.00000,24.76923,5.60000,4.55385,0.81538,1.04615,3.32308,8.92308,17.15385,52.0,2.15385,5.24615,41.1,4.76923,5.60000,85.2,0.40000,5.20000
Jalen Duren,DET,C,72,29.00000,12.76389,11.59722,2.90278,0.72222,1.30556,1.91667,5.08333,7.83333,64.9,0.00000,0.00000,0.0,2.59722,3.76389,69.0,3.48611,8.12500
Tari Eason,HOU,F,65,27.00000,13.29231,6.75385,1.61538,1.89231,1.07692,1.35385,5.18462,10.80000,48.0,1.32308,3.78462,35.0,1.60000,2.15385,74.3,2.03077,4.72308
Zach Edey,MEM,C,60,27.00000,12.76667,10.53333,1.48333,0.68333,1.75000,1.61667,5.06667,8.83333,57.4,0.46667,1.35000,34.6,2.16667,2.96667,73.0,3.90000,6.63333
VJ Edgecombe,PHI,G,73,26.90411,9.10959,2.95890,2.65753,1.17808,0.27397,1.47945,3.64384,8.28767,44.0,1.10959,3.23288,34.3,0.71233,0.89041,80.0,0.58904,2.36986
Anthony Edwards,MIN,G,79,35.50633,27.96203,5.54430,4.97468,1.30380,0.60759,3.12658,9.37975,20.94937,44.8,4.05063,10.64557,38.0,5.15190,6.21519,82.9,1.00000,4.53165
Kessler Edwards,DEN,F,49,6.51020,1.83673,1.14286,0.20408,0.18367,0.16327,0.28571,0.71429,1.75510,40.7,0.30612,0.89796,34.1,0.10204,0.12245,83.3,0.28571,0.83673
Keon Ellis,SAC,G,72,25.90278,9.58333,2.84722,2.00000,1.55556,0.86111,1.04167,3.19444,6.73611,47.4,1.95833,4.66667,42.0,1.23611,1.50000,82.4,0.70833,2.13889
Joel Embiid,PHI,C,50,30.00000,26.98000,9.20000,4.42000,1.00000,1.20000,3.16000,8.60000,17.70000,48.6,1.44000,4.20000,34.3,8.34000,9.60000,86.9,1.68000,7.50000
Noa Essengue,CHI,F,66,18.50000,5.98485,2.95455,0.74242,0.40909,0.22727,1.28788,2.37879,5.18182,45.9,0.40909,1.48485,27.6,0.81818,1.10606,74.0,0.59091,2.36364
Drew Eubanks,SAC,C,68,14.29412,6.25000,4.38235,0.97059,0.35294,0.30882,0.92647,2.50000,4.26471,58.6,0.07353,0.26471,27.8,1.17647,1.50000,78.4,1.50000,2.89706
Dante Exum,DAL,G,55,19.00000,7.01818,2.52727,2.72727,0.45455,0.12727,1.40000,2.65455,5.32727,49.8,0.90909,2.09091,43.5,0.80000,1.01818,78.6,0.36364,2.16364
Jeremiah Fears,NOP,G,72,24.00000,12.18056,3.36111,2.40278,0.83333,0.13889,2.16667,4.22222,10.31944,40.9,1.12500,3.59722,31.3,2.61111,3.12500,83.6,0.66667,2.69444
Kyle Filipowski,UTA,C,72,25.90278,13.63889,8.02778,2.84722,0.86111,0.51389,1.81944,5.09722,9.84722,51.8,1.51389,4.13889,36.6,1.93056,2.84722,67.8,2.25000,5.77778
Dorian Finney-Smith,HOU,F,68,24.00000,7.14706,3.35294,1.36765,0.66176,0.45588,0.72059,2.58824,6.00000,43.1,1.54412,4.07353,37.9,0.42647,0.60294,70.7,1.08824,2.26471
Cooper Flagg,DAL,F,74,32.40541,16.94595,6.16216,3.95946,1.06757,0.83784,2.75676,5.91892,13.14865,45.0,1.60811,4.54054,35.4,3.50000,4.21622,83.0,1.22973,4.91892
Simone Fontecchio,MIA,F,70,16.00000,6.44286,2.40000,0.95714,0.42857,0.15714,0.80000,2.20000,4.95714,44.4,1.10000,2.88571,38.1,0.94286,1.11429,84.6,0.67143,1.72857
De'Aaron Fox,SAS,G,67,34.00000,21.29851,4.07463,6.80597,1.53731,0.40299,2.74627,7.82090,16.65672,47.0,1.94030,5.77612,33.6,3.71642,4.76119,78.1,0.44776,3.64179
Johnny Furphy,IND,F,65,18.00000,6.16923,3.60000,1.26154,0.72308,0.35385,0.72308,2.00000,4.86154,41.1,0.96923,2.70769,35.8,1.20000,1.44615,83.0,0.52308,3.07692
Daniel Gafford,DAL,C,70,20.00000,9.58571,6.00000,1.10000,0.41429,1.60000,0.90000,3.97143,5.60000,70.9,0.00000,0.00000,0.0,1.64286,2.40000,68.5,2.28571,3.71429
Darius Garland,CLE,G,65,30.00000,19.60000,2.70769,6.60000,1.09231,0.09231,2.55385,7.01538,15.30769,45.8,2.69231,6.90769,39.0,2.87692,3.30769,87.0,0.47692,2.23077
Luka Garza,BOS,C,65,20.10769,12.95385,5.23077,1.20000,0.47692,0.29231,0.92308,4.66154,9.36923,49.8,1.10769,3.33846,33.2,2.52308,3.55385,71.0,3.03077,2.20000
Keyonte George,UTA,G,70,28.00000,16.08571,3.35714,5.04286,0.70000,0.14286,2.38571,5.15714,12.60000,40.9,2.51429,7.00000,35.9,3.25714,3.91429,83.2,0.68571,2.67143
Kyshawn George,WAS,F,70,27.00000,9.80000,4.31429,2.70000,1.14286,0.81429,1.48571,3.31429,8.50000,39.0,1.88571,5.52857,34.1,1.28571,1.61429,79.6,0.62857,3.70000
Paul George,PHI,F,59,33.10169,19.30508,4.96610,4.03390,1.66102,0.40678,2.64407,6.83051,15.03390,45.4,2.71186,6.94915,39.0,2.93220,3.30508,88.7,0.28814,4.67797
Josh Giddey,CHI,G,70,33.90000,17.15714,8.14286,8.81429,1.11429,0.67143,3.72857,6.12857,13.21429,46.4,1.45714,4.07143,35.8,3.44286,4.40000,78.2,1.90000,6.24286
Shai Gilgeous-Alexander,OKC,G,73,33.79452,32.28767,5.23288,6.75342,1.72603,0.98630,2.50685,11.16438,21.46575,52.0,2.19178,5.91781,37.0,7.76712,8.79452,88.3,0.69863,4.54795
Anthony Gill,WAS,F,44,8.20455,3.18182,1.50000,0.47727,0.09091,0.20455,0.31818,1.09091,1.93182,56.5,0.25000,0.45455,55.0,0.75000,0.93182,80.5,0.59091,0.93182
Rudy Gobert,MIN,C,74,33.18919,12.44595,10.94595,1.79730,0.72973,1.89189,1.33784,4.62162,6.97297,66.3,0.00000,0.00000,0.0,3.20270,4.78378,66.9,3.39189,7.55405
Hugo Gonzalez,BOS,F,33,6.00000,3.00000,1.15152,0.72727,0.21212,0.15152,0.51515,1.06061,2.30303,46.1,0.24242,0.72727,33.3,0.63636,0.75758,84.0,0.24242,0.90909
Aaron Gordon,DEN,F,68,30.39706,14.66176,5.47059,3.33824,0.66176,0.45588,1.51471,5.25000,10.02941,52.3,1.35294,3.64706,37.1,2.80882,3.64706,77.0,1.55882,3.91176
Eric Gordon,PHI,G,50,14.00000,5.74000,0.94000,1.16000,0.24000,0.16000,0.90000,1.86000,4.30000,43.3,1.08000,2.84000,38.0,0.94000,1.14000,82.5,0.12000,0.82000
Jerami Grant,POR,F,59,30.00000,13.71186,3.30508,2.10169,0.74576,0.74576,1.35593,4.45763,10.74576,41.5,2.20339,5.64407,39.0,2.59322,3.15254,82.3,0.49153,2.81356
AJ Green,MIL,G,69,26.00000,9.81159,2.85507,1.82609,0.55072,0.20290,0.72464,3.27536,7.66667,42.7,2.72464,6.50725,41.9,0.53623,0.62319,86.0,0.39130,2.46377
Draymond Green,GSW,C,67,29.00000,9.04478,5.80597,5.44776,1.16418,0.89552,2.61194,3.25373,7.25373,44.9,1.17910,3.47761,33.9,1.35821,1.91045,71.1,0.77612,5.02985
Jalen Green,PHX,G,78,34.00000,22.08974,4.89744,3.76923,0.82051,0.28205,2.82051,7.76923,18.29487,42.5,2.97436,8.50000,35.0,3.57692,4.42308,80.9,0.71795,4.17949
Javonte Green,DET,F,49,14.40816,4.44898,2.61224,0.57143,0.63265,0.30612,0.28571,1.67347,3.08163,54.3,0.34694,0.95918,36.2,0.75510,0.91837,82.2,0.85714,1.75510
Jeff Green,HOU,F,57,14.80702,6.14035,1.84211,0.77193,0.22807,0.21053,0.56140,2.17544,4.22807,51.5,0.43860,1.35088,32.5,1.35088,1.57895,85.6,0.33333,1.52632
Josh Green,CHA,F,66,22.10606,7.36364,2.65152,1.54545,0.87879,0.22727,0.93939,2.75758,5.60606,49.2,1.21212,2.95455,41.0,0.63636,0.87879,72.4,0.86364,1.78788
Quentin Grimes,PHI,G,65,29.00000,15.35385,4.06154,3.18462,0.87692,0.40000,1.73846,5.40000,11.60000,46.6,2.32308,6.09231,38.1,2.23077,2.90769,76.7,1.03077,3.03077
Mouhamed Gueye,ATL,F,65,16.00000,6.10769,4.32308,0.87692,0.95385,1.04615,0.47692,2.18462,5.12308,42.6,0.69231,2.40000,28.8,1.04615,1.35385,77.3,0.87692,3.44615
Rui Hachimura,LAL,F,65,29.00000,11.43077,4.64615,1.30769,0.70769,0.35385,0.75385,4.32308,8.70769,49.6,1.47692,3.78462,39.0,1.30769,1.73846,75.2,0.72308,3.90769
Tyrese Haliburton,IND,G,10,20.20000,12.30000,2.40000,6.50000,0.90000,0.40000,1.60000,4.30000,9.20000,46.7,1.80000,4.70000,38.3,1.90000,2.20000,86.4,0.50000,1.90000
Yang Hansen,POR,C,70,18.00000,7.72857,4.31429,2.34286,0.35714,1.35714,1.44286,3.07143,6.58571,46.6,0.54286,1.80000,30.2,1.04286,1.25714,83.0,0.85714,3.45714
Tim Hardaway,DEN,F,72,19.90278,7.54167,1.79167,1.19444,0.40278,0.09722,0.54167,2.45833,6.16667,39.9,1.52778,4.18056,36.5,1.09722,1.29167,84.9,0.15278,1.63889
James Harden,LAC,G,69,34.40580,21.76812,5.33333,8.26087,1.13043,0.52174,4.13043,6.59420,15.65217,42.1,2.88406,7.91304,36.4,5.69565,6.53623,87.1,0.57971,4.73913
Jaden Hardy,DAL,G,60,13.00000,7.60000,1.73333,0.85000,0.25000,0.53333,0.80000,2.65000,6.06667,43.7,1.00000,2.58333,38.7,1.30000,1.60000,81.3,0.51667,1.21667
Dylan Harper,SAS,G,72,29.40278,14.38889,3.52778,2.93056,0.97222,0.31944,2.50000,5.23611,12.05556,43.4,1.65278,4.87500,33.9,2.26389,2.94444,76.9,0.70833,2.81944
Gary Harris,MIL,G,50,14.00000,3.88000,0.98000,0.88000,0.48000,0.08000,0.50000,1.36000,3.08000,44.2,0.82000,2.10000,39.0,0.34000,0.42000,81.0,0.30000,0.70000
Tobias Harris,DET,F,72,30.09722,12.75000,5.54167,1.86111,0.90278,0.66667,1.20833,4.93056,10.23611,48.2,1.18056,3.30556,35.7,1.70833,1.95833,87.2,0.86111,4.68056
Josh Hart,NYK,F,73,33.50685,11.43836,8.36986,4.68493,1.17808,0.24658,1.84932,4.30137,8.71233,49.4,1.00000,3.01370,33.2,1.83562,2.34247,78.4,1.34247,7.04110
Isaiah Hartenstein,OKC,C,68,26.00000,10.89706,9.88235,3.64706,0.85294,1.14706,1.55882,4.75000,7.58824,62.6,0.01471,0.05882,25.0,1.38235,2.00000,69.1,3.48529,6.39706
Sam Hauser,BOS,F,75,29.00000,13.10667,4.64000,2.02667,0.84000,0.37333,0.61333,4.60000,10.10667,45.5,3.36000,8.08000,41.6,0.54667,0.64000,85.4,0.80000,3.84000
Jordan Hawkins,NOP,G,67,23.10448,11.50746,3.00000,1.52239,0.58209,0.34328,0.92537,3.85075,9.70149,39.7,2.07463,5.77612,35.9,1.73134,2.05970,84.1,0.26866,2.74627
Jaxson Hayes,LAL,C,64,13.79688,6.46875,3.10938,0.42188,0.32813,0.54688,0.53125,2.40625,3.92188,61.4,0.20313,0.56250,36.1,1.45313,1.85938,78.2,1.14063,1.96875
Killian Hayes,CLE,G,4,9.00000,2.50000,1.25000,1.50000,0.50000,0.25000,0.50000,1.00000,2.50000,40.0,0.25000,1.00000,25.0,0.25000,0.50000,50.0,0.25000,1.00000
Nigel Hayes-Davis,PHX,F,58,15.79310,8.10345,4.10345,0.98276,0.79310,0.25862,0.84483,2.72414,5.68966,47.9,0.77586,2.05172,37.8,1.87931,2.17241,86.5,1.63793,2.46552
Scoot Henderson,POR,G,59,29.00000,14.55932,3.18644,5.50847,1.30508,0.37288,2.83051,4.71186,11.01695,42.8,1.93220,5.22034,37.0,3.20339,4.06780,78.8,0.61017,2.59322
Taylor Hendricks,UTA,F,65,23.50769,9.16923,5.16923,1.06154,0.93846,1.06154,0.70769,3.26154,7.29231,44.7,1.60000,4.23077,37.8,1.04615,1.29231,81.0,1.04615,4.12308
Tyler Herro,MIA,G,52,34.00000,22.76923,5.09615,5.44231,0.84615,0.13462,2.55769,7.98077,17.51923,45.6,3.21154,8.32692,38.6,3.59615,4.07692,88.2,0.50000,4.59615
Buddy Hield,GSW,G,81,23.00000,10.70370,2.98765,2.18519,0.66667,0.23457,1.14815,3.88889,8.97531,43.3,2.33333,5.97531,39.0,0.59259,0.69136,85.7,0.55556,2.43210
Haywood Highsmith,BKN,F,65,19.80000,5.70769,3.15385,1.38462,0.78462,0.36923,0.60000,2.09231,4.75385,44.0,1.10769,2.96923,37.3,0.41538,0.60000,69.2,1.21538,1.93846
Aaron Holiday,HOU,G,60,16.00000,6.26667,1.91667,2.40000,0.65000,0.13333,1.05000,2.36667,5.30000,44.7,0.61667,1.61667,38.1,0.91667,1.06667,85.9,0.38333,1.53333
Jrue Holiday,POR,G,65,30.00000,10.75385,4.04615,4.20000,0.98462,0.44615,1.64615,4.09231,9.00000,45.5,1.69231,4.50769,37.5,0.87692,1.04615,83.8,0.92308,3.12308
Ronald Holland,DET,F,75,20.00000,8.08000,3.33333,1.68000,0.82667,0.64000,1.48000,3.29333,7.30667,45.1,0.52000,1.98667,26.2,0.97333,1.40000,69.5,0.48000,2.85333
DaRon Holmes,DEN,C,60,10.00000,4.50000,2.90000,0.66667,0.43333,0.76667,0.50000,1.68333,3.08333,54.6,0.31667,0.88333,35.8,0.81667,1.20000,68.1,0.73333,2.18333
Chet Holmgren,OKC,C,68,30.00000,18.02941,8.70588,2.39706,0.80882,2.51471,2.14706,6.32353,12.00000,52.7,1.63235,4.20588,38.8,3.75000,4.79412,78.2,2.60294,6.08824
Al Horford,GSW,C,62,23.30645,7.33871,5.12903,1.87097,0.51613,0.69355,0.69355,2.62903,5.75806,45.7,1.69355,4.12903,41.0,0.38710,0.46774,82.8,1.04839,4.08065
Caleb Houstan,ATL,F,50,9.40000,4.10000,3.26000,0.60000,0.18000,0.40000,0.58000,1.58000,3.54000,44.6,0.32000,1.04000,30.8,0.62000,0.82000,75.6,0.98000,2.28000
Jett Howard,ORL,F,55,12.50909,5.32727,1.45455,0.61818,0.27273,0.25455,0.69091,1.81818,4.50909,40.3,0.94545,2.74545,34.4,0.74545,0.92727,80.4,0.29091,1.16364
Kevin Huerter,CHI,G,71,23.00000,9.77465,2.67606,2.14085,0.69014,0.26761,0.95775,3.60563,8.14085,44.3,1.78873,4.83099,37.0,0.77465,1.01408,76.4,0.33803,2.33803
Jay Huff,IND,C,65,22.00000,12.35385,4.18462,1.10769,0.64615,1.64615,0.89231,4.35385,8.58462,50.7,2.20000,5.50769,39.9,1.44615,1.76923,81.7,0.90769,3.27692
De'Andre Hunter,CLE,F,65,26.90769,14.78462,3.76923,1.40000,0.75385,0.32308,1.07692,4.95385,11.03077,44.9,2.15385,5.64615,38.1,2.72308,3.23077,84.3,0.55385,3.21538
Bones Hyland,MIN,G,50,15.20000,7.84000,2.18000,2.28000,0.48000,0.24000,1.00000,2.64000,6.34000,41.6,1.46000,3.88000,37.6,1.10000,1.30000,84.6,0.16000,2.02000
Joe Ingles,MIN,F,58,14.00000,4.53448,1.63793,1.96552,0.29310,0.06897,0.56897,1.50000,3.55172,42.2,1.05172,2.81034,37.4,0.48276,0.62069,77.8,0.15517,1.48276
Brandon Ingram,TOR,F,63,33.00000,19.50794,4.95238,4.61905,0.82540,0.66667,2.66667,7.36508,15.50794,47.5,1.71429,4.61905,37.1,3.06349,3.63492,84.3,0.53968,4.41270
Kyrie Irving,DAL,G,28,29.10714,17.64286,3.50000,3.78571,0.85714,0.28571,1.96429,6.50000,14.25000,45.6,2.03571,5.53571,36.8,2.60714,2.89286,90.1,0.42857,3.03571
Jonathan Isaac,ORL,F,58,16.00000,6.08621,4.63793,0.63793,0.79310,1.18966,0.48276,2.15517,4.79310,45.0,0.74138,2.24138,33.1,1.03448,1.44828,71.4,1.15517,3.48276
Jaden Ivey,DET,G,68,30.00000,17.86765,4.20588,4.20588,1.04412,0.45588,2.70588,6.27941,14.10294,44.5,2.16176,5.70588,37.9,3.14706,4.20588,74.8,1.26471,2.94118
Andre Jackson,MIL,F,68,15.00000,3.80882,2.85294,1.35294,0.60294,0.22059,0.75000,1.50000,3.00000,50.0,0.48529,1.20588,40.2,0.32353,0.45588,71.0,0.70588,2.13235
GG Jackson,MEM,F,65,15.00000,8.69231,2.81538,0.66154,0.35385,0.35385,0.98462,3.24615,7.27692,44.6,1.18462,3.29231,36.0,1.01538,1.32308,76.7,0.40000,2.41538
Isaiah Jackson,IND,C,60,19.00000,8.33333,5.23333,0.35000,0.88333,1.53333,1.40000,3.28333,5.68333,57.8,0.10000,0.41667,24.0,1.66667,2.53333,65.8,2.10000,3.13333
Jaren Jackson,MEM,F,62,29.50000,21.74194,5.30645,2.06452,1.06452,1.46774,2.06452,7.69355,16.22581,47.4,1.85484,5.30645,35.0,4.50000,5.61290,80.2,1.38710,3.91935
Trayce Jackson-Davis,GSW,C,72,17.00000,6.36111,4.93056,1.19444,0.40278,1.01389,0.68056,2.73611,4.25000,64.4,0.00000,0.00000,0.0,0.88889,1.52778,58.2,1.23611,3.69444
Kasparas Jakucionis,MIA,G,62,14.19355,7.46774,1.98387,2.19355,0.46774,0.14516,1.56452,2.64516,5.75806,45.9,0.64516,1.98387,32.5,1.53226,1.79032,85.6,0.40323,1.59677
Bronny James,LAL,G,25,4.72000,2.08000,1.04000,0.36000,0.24000,0.08000,0.36000,0.76000,1.92000,39.6,0.28000,0.88000,31.8,0.28000,0.36000,77.8,0.24000,0.76000
LeBron James,LAL,F,66,34.00000,23.86364,6.80303,7.48485,1.01515,0.53030,3.06061,9.18182,17.84848,51.4,2.24242,5.77273,38.8,3.25758,4.25758,76.5,0.93939,5.86364
Jaime Jaquez,MIA,F,70,25.00000,11.72857,5.25714,3.37143,1.12857,0.35714,1.75714,4.35714,9.05714,48.1,0.84286,2.55714,33.0,2.17143,2.75714,78.8,1.07143,4.18571
Ty Jerome,MEM,G,65,20.10769,12.06154,1.95385,3.41538,1.00000,0.12308,1.30769,4.41538,8.84615,49.9,1.47692,3.61538,40.9,1.75385,2.01538,87.0,0.47692,1.47692
Isaiah Joe,OKC,G,72,23.00000,11.26389,2.98611,1.83333,0.69444,0.18056,0.72222,3.87500,8.73611,44.4,2.73611,6.66667,41.0,0.77778,0.91667,84.8,0.31944,2.66667
AJ Johnson,WAS,G,60,15.40000,6.20000,1.53333,2.16667,0.36667,0.13333,0.93333,2.26667,5.55000,40.8,0.76667,2.46667,31.1,0.90000,1.06667,84.4,0.38333,1.15000
Cameron Johnson,DEN,F,63,30.00000,16.30159,4.20635,2.39683,1.04762,0.30159,1.20635,5.73016,11.87302,48.3,2.77778,6.77778,41.0,2.06349,2.39683,86.1,0.65079,3.55556
Jalen Johnson,ATL,F,69,35.00000,20.08696,9.10145,5.24638,1.40580,0.91304,2.44928,8.04348,16.10145,50.0,1.39130,4.20290,33.1,2.60870,3.50725,74.4,0.69565,8.40580
Keldon Johnson,SAS,F,70,24.00000,12.14286,4.55714,1.80000,0.67143,0.21429,0.95714,4.42857,9.35714,47.3,1.25714,3.60000,34.9,2.02857,2.64286,76.8,0.80000,3.75714
Tre Johnson,WAS,G,75,28.60000,15.82667,2.57333,2.29333,0.72000,0.22667,2.29333,5.37333,13.21333,40.7,2.10667,5.77333,36.5,2.97333,3.42667,86.8,0.52000,2.05333
Nikola Jokic,DEN,C,74,34.00000,26.66216,11.79730,9.35135,1.52703,0.67568,3.05405,10.14865,17.51351,57.9,1.66216,4.25676,39.0,4.70270,5.78378,81.3,2.37838,9.41892
Derrick Jones,LAC,F,70,23.30000,9.37143,3.35714,0.81429,0.92857,0.62857,0.77143,3.64286,6.98571,52.1,0.90000,2.55714,35.2,1.18571,1.62857,72.8,1.18571,2.15714
Dillon Jones,WAS,F,63,13.09524,7.34921,1.52381,2.01587,0.30159,0.07937,0.96825,2.77778,6.85714,40.5,1.03175,2.87302,35.9,0.76190,0.92063,82.8,0.22222,1.30159
Herbert Jones,NOP,F,70,30.00000,11.48571,3.80000,2.55714,1.58571,0.65714,1.28571,4.14286,8.95714,46.3,1.38571,3.85714,35.9,1.81429,2.21429,81.9,1.25714,2.54286
Tre Jones,CHI,G,70,19.80000,6.90000,2.67143,4.42857,0.77143,0.11429,0.98571,2.65714,5.34286,49.7,0.47143,1.38571,34.0,1.11429,1.30000,85.7,0.50000,2.17143
Tyus Jones,ORL,G,76,25.00000,9.76316,2.47368,4.97368,1.00000,0.02632,0.73684,3.90789,8.75000,44.7,1.26316,3.25000,38.9,0.68421,0.82895,82.5,0.23684,2.23684
Nikola Jovic,MIA,F,60,26.00000,11.91667,4.41667,3.38333,0.78333,0.38333,1.56667,4.06667,8.83333,46.0,1.91667,4.93333,38.9,1.86667,2.33333,80.0,1.33333,3.10000
Ryan Kalkbrenner,CHA,C,71,20.39437,8.45070,5.30986,0.90141,0.40845,1.36620,1.14085,3.46479,5.78873,59.9,0.28169,0.90141,31.3,1.23944,1.78873,69.3,1.38028,3.92958
Luke Kennard,ATL,G,65,19.00000,7.92308,2.26154,2.66154,0.47692,0.16923,0.95385,2.73846,5.75385,47.6,1.75385,3.80000,46.2,0.69231,0.76923,90.0,0.20000,2.07692
Walker Kessler,UTA,C,68,30.00000,11.23529,12.00000,1.79412,0.67647,2.70588,1.50000,4.89706,7.05882,69.4,0.02941,0.16176,18.2,1.41176,2.60294,54.2,3.60294,8.39706
Braxton Key,MEM,F,2,4.50000,1.00000,1.00000,0.00000,0.00000,0.00000,0.00000,0.50000,1.50000,33.3,0.00000,0.50000,0.0,0.00000,0.50000,0.0,0.50000,1.00000
Corey Kispert,WAS,F,75,24.90667,12.09333,2.73333,1.74667,0.48000,0.25333,1.49333,4.36000,8.96000,48.7,2.04000,5.22667,39.0,1.33333,1.64000,81.3,0.69333,2.04000
Maxi Kleber,LAL,C,60,15.50000,4.38333,3.73333,0.73333,0.31667,0.61667,0.50000,1.50000,3.78333,39.6,0.88333,2.73333,32.3,0.50000,0.70000,71.4,0.75000,3.00000
Bobi Klintman,DET,F,48,9.50000,3.39583,2.27083,0.47917,0.37500,0.18750,0.29167,1.35417,3.12500,43.3,0.25000,0.85417,29.3,0.43750,0.56250,77.8,0.56250,1.70833
Dalton Knecht,LAL,F,75,19.00000,10.42667,2.85333,0.94667,0.44000,0.18667,0.57333,3.64000,7.78667,46.7,1.85333,4.74667,39.0,1.29333,1.66667,77.6,0.41333,2.44000
Kon Knueppel,CHA,F,74,27.00000,12.91892,4.32432,2.97297,0.81081,0.16216,2.29730,4.48649,9.93243,45.2,1.95946,5.08108,38.6,1.98649,2.21622,89.6,0.86486,3.45946
Tyler Kolek,NYK,G,63,9.20635,5.15873,1.06349,1.41270,0.22222,0.06349,0.68254,1.95238,4.80952,40.6,0.71429,2.01587,35.4,0.53968,0.63492,85.0,0.15873,0.92063
John Konchar,MEM,F,58,16.70690,4.50000,4.25862,1.41379,0.74138,0.27586,0.37931,1.74138,3.37931,51.5,0.67241,1.62069,41.5,0.34483,0.63793,54.1,1.12069,3.12069
Luke Kornet,SAS,C,66,14.69697,4.98485,3.96970,1.10606,0.31818,0.87879,0.40909,2.07576,3.09091,67.2,0.04545,0.15152,30.0,0.78788,1.03030,76.5,1.77273,2.19697
Vit Krejci,ATL,G,53,14.00000,4.30189,1.71698,1.37736,0.37736,0.16981,0.58491,1.58491,3.39623,46.7,0.75472,1.98113,38.1,0.37736,0.45283,83.3,0.30189,1.39623
Jonathan Kuminga,GSW,F,68,26.00000,14.20588,4.30882,2.02941,0.80882,0.39706,1.29412,5.20588,10.97059,47.5,0.94118,2.91176,32.3,2.85294,3.95588,72.1,1.00000,3.32353
Kyle Kuzma,MIL,F,68,33.00000,17.80882,6.26471,3.29412,0.55882,0.55882,2.52941,6.67647,15.17647,44.0,2.04412,6.26471,32.6,2.41176,3.29412,73.2,0.77941,5.48529
Jock Landale,MEM,C,65,18.00000,8.07692,4.21538,1.36923,0.30769,0.43077,0.95385,3.03077,5.93846,51.0,0.49231,1.98462,24.8,1.52308,1.98462,76.7,1.92308,2.29231
Jake LaRavia,LAL,F,46,12.69565,6.50000,2.23913,0.82609,0.23913,0.17391,0.78261,2.50000,4.47826,55.8,0.36957,1.08696,34.0,1.13043,1.56522,72.2,0.67391,1.56522
Zach LaVine,SAC,F,69,34.00000,21.40580,3.73913,3.91304,0.68116,0.27536,2.49275,7.73913,16.11594,48.0,2.76812,6.94203,39.9,3.15942,3.73913,84.5,0.26087,3.47826
Alex Len,NYK,C,32,6.00000,2.28125,1.56250,0.43750,0.12500,0.25000,0.40625,0.90625,1.71875,52.7,0.06250,0.21875,28.6,0.40625,0.62500,65.0,0.50000,1.06250
Kawhi Leonard,LAC,F,55,31.40000,23.63636,6.60000,3.76364,1.56364,0.40000,2.20000,9.20000,18.05455,51.0,2.27273,5.49091,41.4,2.96364,3.45455,85.8,0.81818,5.76364
Caris LeVert,DET,G,65,23.30769,10.55385,3.03077,3.30769,0.76923,0.35385,1.27692,3.72308,8.61538,43.2,1.44615,3.95385,36.6,1.66154,2.23077,74.5,0.61538,2.41538
E.J. Liddell,BKN,F,39,7.69231,3.94872,2.66667,0.48718,0.15385,0.30769,0.46154,1.51282,2.71795,55.7,0.23077,0.66667,34.6,0.69231,0.94872,73.0,0.79487,1.87179
Damian Lillard,POR,G,15,22.53333,15.60000,2.80000,4.53333,0.60000,0.13333,1.60000,5.06667,11.40000,44.4,2.06667,5.73333,36.0,3.40000,3.73333,91.1,0.33333,2.46667
Dereck Lively,DAL,C,65,26.00000,10.56923,8.58462,2.60000,0.72308,1.81538,1.16923,4.49231,6.24615,71.9,0.00000,0.00000,0.0,1.58462,2.60000,60.9,3.26154,5.30769
Isaiah Livers,PHX,F,56,17.10714,5.42857,2.55357,0.94643,0.58929,0.32143,0.67857,1.83929,4.01786,45.8,1.21429,2.85714,42.5,0.53571,0.62500,85.7,0.67857,1.87500
Kevon Looney,NOP,C,76,14.00000,4.09211,5.43421,1.39474,0.40789,0.42105,0.46053,1.69737,2.93421,57.8,0.00000,0.00000,0.0,0.69737,1.11842,62.4,1.89474,3.53947
Brook Lopez,LAC,C,75,19.90667,7.49333,3.18667,1.00000,0.37333,1.20000,0.69333,2.78667,5.57333,50.0,1.02667,2.78667,36.8,0.89333,1.09333,81.7,1.14667,2.04000
Kevin Love,UTA,C,45,8.00000,4.46667,2.64444,0.95556,0.13333,0.08889,0.46667,1.46667,3.57778,41.0,0.80000,2.37778,33.6,0.73333,0.84444,86.8,0.42222,2.22222
Kyle Lowry,PHI,G,54,15.00000,4.05556,1.66667,2.33333,0.46296,0.11111,1.18519,1.35185,3.14815,42.9,0.77778,2.00000,38.9,0.57407,0.66667,86.1,0.20370,1.46296
Khaman Maluach,PHX,C,71,21.09859,10.52113,5.49296,0.42254,0.42254,1.15493,1.57746,4.00000,7.80282,51.3,0.57746,2.11268,27.3,1.94366,2.53521,76.7,1.09859,4.39437
Sandro Mamukelashvili,TOR,C,35,6.71429,2.54286,1.34286,0.37143,0.14286,0.14286,0.25714,0.94286,1.88571,50.0,0.37143,0.85714,43.3,0.28571,0.37143,76.9,0.57143,0.77143
Terance Mann,BKN,G,70,20.00000,8.44286,3.20000,1.80000,0.65714,0.20000,0.72857,3.17143,6.40000,49.6,1.01429,2.80000,36.2,1.08571,1.41429,76.8,0.78571,2.41429
Tre Mann,CHA,G,65,17.00000,8.15385,2.38462,2.44615,0.67692,0.15385,0.87692,3.06154,7.30769,41.9,1.24615,3.38462,36.8,0.78462,1.01538,77.3,0.35385,2.03077
Lauri Markkanen,UTA,F,65,31.90769,20.55385,6.38462,1.84615,0.76923,0.50769,1.60000,6.73846,15.00000,44.9,3.04615,8.29231,36.7,4.03077,4.63077,87.0,1.09231,5.29231
Naji Marshall,DAL,F,70,19.00000,8.22857,3.22857,2.00000,0.67143,0.18571,1.10000,3.07143,6.45714,47.6,0.72857,2.28571,31.9,1.35714,1.71429,79.2,0.87143,2.37143
Caleb Martin,DAL,F,65,22.00000,8.70769,4.03077,1.75385,0.92308,0.47692,0.83077,3.21538,7.26154,44.3,1.10769,3.16923,35.0,1.16923,1.49231,78.4,1.23077,2.80000
Garrison Mathews,NYK,G,40,8.80000,3.45000,0.97500,0.32500,0.30000,0.12500,0.20000,0.97500,2.37500,41.1,0.75000,1.97500,38.0,0.75000,0.92500,81.1,0.17500,0.80000
Bennedict Mathurin,IND,F,73,30.00000,17.83562,5.39726,2.31507,0.75342,0.32877,2.09589,5.82192,12.90411,45.1,1.46575,4.20548,34.9,4.72603,5.69863,82.9,1.61644,3.78082
Karlo Matkovic,NOP,C,65,13.80000,6.07692,2.89231,1.24615,0.55385,0.83077,0.41538,2.50769,4.69231,53.4,0.38462,1.10769,34.7,0.67692,0.90769,74.6,0.72308,2.16923
Tyrese Maxey,PHI,G,69,35.79710,25.78261,3.47826,6.44928,1.43478,0.43478,2.14493,8.92754,20.04348,44.5,3.30435,8.95652,36.9,4.62319,5.37681,86.0,0.37681,3.10145
Miles McBride,NYK,G,64,23.70313,10.57813,2.14063,2.60938,0.95313,0.18750,0.59375,3.82813,8.76563,43.7,2.03125,5.21875,38.9,0.89063,1.06250,83.8,0.20313,1.93750
Jared McCain,PHI,G,60,24.00000,13.71667,2.63333,2.66667,0.76667,0.10000,1.43333,4.95000,10.31667,48.0,1.91667,4.80000,39.9,1.90000,2.16667,87.7,0.38333,2.26667
CJ McCollum,WAS,G,68,30.00000,18.20588,3.60294,4.20588,0.75000,0.35294,1.77941,6.75000,15.14706,44.6,3.08824,7.64706,40.4,1.61765,2.10294,76.9,0.70588,2.89706
T.J. McConnell,IND,G,72,24.90278,13.27778,3.43056,6.97222,1.37500,0.25000,2.23611,5.79167,11.05556,52.4,0.41667,1.09722,38.0,1.27778,1.62500,78.6,0.76389,2.66667
Jaden McDaniels,MIN,F,74,32.00000,12.51351,6.08108,1.40541,1.08108,0.85135,1.33784,4.97297,10.17568,48.9,1.27027,3.77027,33.7,1.29730,1.75676,73.8,1.58108,4.50000
Jalen McDaniels,NOP,F,10,5.00000,1.90000,0.90000,0.30000,0.10000,0.10000,0.20000,0.70000,1.40000,50.0,0.20000,0.60000,33.3,0.30000,0.40000,75.0,0.20000,0.70000
Doug McDermott,SAC,F,65,19.70769,9.75385,1.84615,1.03077,0.21538,0.09231,0.69231,3.60000,7.87692,45.7,1.89231,4.52308,41.8,0.66154,0.81538,81.1,0.29231,1.56923
Bryce McGowens,NOP,G,40,13.10000,6.72500,4.55000,0.85000,0.25000,0.55000,0.80000,2.57500,4.62500,55.7,0.40000,1.12500,35.6,1.17500,1.60000,73.4,1.37500,3.20000
Jordan McLaughlin,SAS,G,59,12.59322,3.27119,1.30508,2.50847,0.79661,0.13559,0.52542,1.23729,2.79661,44.2,0.37288,1.18644,31.4,0.42373,0.55932,75.8,0.30508,1.00000
Liam McNeeley,CHA,F,62,9.80645,4.90323,1.85484,1.19355,0.32258,0.25806,0.83871,1.72581,3.79032,45.5,0.41935,1.17742,35.6,1.03226,1.24194,83.1,0.37097,1.48387
De'Anthony Melton,GSW,G,65,15.00000,5.83077,2.15385,1.50769,0.90769,0.30769,1.01538,2.01538,4.95385,40.7,1.06154,2.84615,37.3,0.73846,0.90769,81.4,0.41538,1.73846
Khris Middleton,WAS,F,60,24.00000,12.50000,3.36667,3.60000,0.80000,0.16667,1.68333,4.60000,9.60000,47.9,1.45000,3.83333,37.8,1.85000,2.16667,85.4,0.38333,2.96667
Brandon Miller,CHA,F,70,34.50000,22.97143,4.97143,3.80000,1.27143,0.72857,2.75714,8.05714,18.97143,42.5,3.92857,10.35714,37.9,2.92857,3.45714,84.7,0.64286,4.32857
Leonard Miller,MIN,F,44,6.90909,2.68182,0.79545,1.04545,0.29545,0.18182,0.38636,0.97727,2.22727,43.9,0.31818,0.84091,37.8,0.40909,0.52273,78.3,0.15909,0.63636
Josh Minott,BOS,F,31,3.38710,1.74194,1.19355,0.22581,0.06452,0.12903,0.19355,0.67742,1.19355,56.8,0.09677,0.29032,33.3,0.29032,0.41935,69.2,0.35484,0.83871
Yves Missi,NOP,C,75,28.00000,10.22667,8.96000,1.54667,0.61333,1.54667,1.12000,4.04000,7.00000,57.7,0.00000,0.00000,0.0,2.14667,3.36000,63.9,2.60000,6.36000
Ajay Mitchell,OKC,G,60,19.00000,8.18333,2.38333,2.46667,0.81667,0.16667,1.16667,3.05000,6.26667,48.7,0.78333,2.08333,37.6,1.30000,1.61667,80.4,0.71667,1.66667
Davion Mitchell,MIA,G,75,29.00000,8.74667,2.32000,4.37333,1.01333,0.29333,1.58667,3.36000,7.25333,46.3,1.20000,3.18667,37.7,0.82667,1.18667,69.7,0.46667,1.85333
Donovan Mitchell,CLE,G,68,32.00000,24.67647,4.48529,5.05882,1.39706,0.38235,2.47059,8.47059,18.55882,45.6,3.38235,8.95588,37.8,4.35294,5.11765,85.1,0.86765,3.60294
Evan Mobley,CLE,F,70,30.50000,19.54286,9.45714,3.35714,0.97143,1.52857,1.82857,7.40000,13.11429,56.4,1.35714,3.65714,37.1,3.38571,4.57143,74.1,2.37143,7.08571
Malik Monk,SAC,G,70,26.00000,13.57143,2.72857,5.10000,0.65714,0.35714,2.00000,4.82857,10.91429,44.2,1.94286,5.45714,35.6,1.97143,2.37143,83.1,0.40000,2.32857
Moses Moody,GSW,F,71,30.00000,14.33803,4.19718,1.94366,1.19718,0.49296,1.19718,4.95775,11.09859,44.7,2.43662,6.60563,36.9,1.98592,2.54930,77.9,0.88732,3.30986
Ja Morant,MEM,G,62,33.00000,24.61290,4.61290,8.25806,1.01613,0.38710,3.62903,8.45161,18.48387,45.7,1.75806,5.61290,31.3,5.95161,7.24194,82.2,1.09677,3.53226
Trey Murphy,NOP,F,65,34.50769,21.55385,4.75385,3.83077,1.07692,0.81538,1.63077,7.24615,15.40000,47.1,3.07692,8.20000,37.5,3.98462,4.58462,86.9,1.52308,3.23077
Dejounte Murray,NOP,G,21,27.71429,15.14286,4.28571,4.71429,1.19048,0.28571,1.71429,5.85714,12.66667,46.2,1.57143,4.38095,35.9,1.85714,2.33333,79.6,0.61905,3.66667
Jamal Murray,DEN,G,66,33.00000,19.37879,3.78788,5.77273,1.15152,0.33333,2.15152,7.15152,15.18182,47.1,2.15152,5.27273,40.8,2.92424,3.36364,86.9,0.74242,3.06061
Keegan Murray,SAC,F,78,34.00000,14.25641,6.62821,1.70513,0.92308,0.84615,0.84615,5.30769,11.56410,45.9,2.39744,6.46154,37.1,1.24359,1.50000,82.9,1.98718,4.64103
Kris Murray,POR,F,66,9.69697,3.74242,1.12121,0.45455,0.42424,0.27273,0.53030,1.36364,3.13636,43.5,0.45455,1.19697,38.0,0.56061,0.72727,77.1,0.22727,0.89394
Collin Murray-Boyles,TOR,F,70,20.00000,7.72857,4.60000,1.60000,1.20000,0.80000,1.60000,2.82857,5.80000,48.8,0.51429,1.80000,28.6,1.55714,2.20000,70.8,0.91429,3.68571
Svi Mykhailiuk,UTA,G,30,12.80000,4.56667,1.63333,0.80000,0.46667,0.06667,0.56667,1.63333,4.16667,39.2,0.73333,2.40000,30.6,0.56667,0.66667,85.0,0.36667,1.30000
Larry Nance,CLE,C,60,14.00000,4.26667,3.33333,1.38333,0.58333,0.26667,0.50000,1.70000,3.33333,51.0,0.31667,0.95000,33.3,0.55000,0.76667,71.7,0.96667,2.36667
Andrew Nembhard,IND,G,68,32.89706,14.67647,3.77941,6.75000,1.38235,0.23529,2.30882,5.48529,11.83824,46.3,1.30882,3.94118,33.2,2.39706,2.95588,81.1,1.13235,2.64706
Aaron Nesmith,IND,F,69,30.00000,14.50725,4.79710,1.65217,1.01449,0.59420,1.04348,5.04348,10.65217,47.3,2.24638,5.55072,40.5,2.17391,2.55072,85.2,0.81159,3.98551
Asa Newell,ATL,F,65,17.30769,8.18462,3.98462,0.69231,0.56923,0.95385,0.95385,3.13846,6.12308,51.3,0.46154,1.52308,30.3,1.44615,1.92308,75.2,0.80000,3.18462
Georges Niang,UTA,F,75,18.00000,8.54667,2.97333,1.26667,0.36000,0.13333,0.90667,3.09333,6.84000,45.2,1.76000,4.50667,39.1,0.60000,0.72000,83.3,0.36000,2.60000
Zeke Nnaji,DEN,C,62,13.50000,4.29032,2.83871,0.32258,0.30645,0.25806,0.45161,1.54839,3.24194,47.8,0.40323,1.19355,33.8,0.79032,1.25806,62.8,1.08065,1.75806
Jusuf Nurkic,UTA,C,55,18.90909,7.60000,7.21818,2.27273,0.65455,0.61818,1.70909,2.85455,5.85455,48.8,0.52727,1.70909,30.9,1.36364,2.07273,65.8,1.94545,5.27273
Royce O'Neale,PHX,F,77,27.00000,8.48052,4.85714,2.70130,0.80519,0.54545,1.07792,2.96104,7.28571,40.6,2.10390,5.40260,38.9,0.45455,0.62338,72.9,0.84416,4.01299
Josh Okogie,HOU,F,60,12.00000,4.30000,2.25000,0.58333,0.60000,0.28333,0.53333,1.26667,3.18333,39.8,0.60000,1.86667,32.1,1.16667,1.60000,72.9,0.93333,1.31667
Onyeka Okongwu,ATL,C,69,29.89855,14.21739,8.37681,2.08696,0.89855,1.20290,1.33333,5.55072,9.56522,58.0,0.81159,2.39130,33.9,2.30435,2.95652,77.9,3.40580,4.97101
Isaac Okoro,CHI,F,70,17.70000,6.35714,1.94286,1.08571,0.52857,0.27143,0.51429,2.28571,4.74286,48.2,0.87143,2.30000,37.9,0.91429,1.24286,73.6,0.70000,1.24286
Kelly Olynyk,SAS,C,68,15.89706,6.54412,3.66176,2.38235,0.55882,0.32353,1.26471,2.30882,4.45588,51.8,0.61765,1.58824,38.9,1.30882,1.58824,82.4,1.11765,2.54412
Kelly Oubre,PHI,F,65,26.00000,11.01538,4.60000,1.09231,1.00000,0.40000,0.87692,4.10769,9.20000,44.6,1.27692,4.03077,31.7,1.52308,2.00000,76.2,1.20000,3.40000
Chris Paul,LAC,G,68,25.00000,7.36765,3.25000,6.00000,1.00000,0.16176,1.25000,2.57353,6.13235,42.0,1.45588,3.88235,37.5,0.76471,0.88235,86.7,0.25000,3.00000
Gary Payton,GSW,G,55,15.80000,5.96364,3.12727,0.81818,1.05455,0.27273,0.50909,2.50909,4.36364,57.5,0.49091,1.52727,32.1,0.45455,0.72727,62.5,0.90909,2.21818
Jalen Pickett,DEN,G,32,7.68750,3.00000,0.93750,1.53125,0.21875,0.00000,0.37500,1.12500,2.62500,42.9,0.31250,0.93750,33.3,0.43750,0.53125,82.4,0.21875,0.68750
Scotty Pippen,MEM,G,69,21.89855,10.73913,3.28986,4.37681,1.44928,0.43478,1.75362,3.88406,7.97101,48.7,1.21739,3.04348,40.0,1.75362,2.40580,72.9,0.98551,2.30435
Mason Plumlee,CHA,C,71,15.00000,4.12676,4.73239,1.88732,0.50704,0.43662,0.83099,1.76056,2.67606,65.8,0.00000,0.01408,0.0,0.60563,1.43662,42.2,1.47887,3.25352
Brandin Podziemski,GSW,G,70,30.00000,14.42857,6.00000,4.20000,1.35714,0.32857,1.50000,5.28571,11.70000,45.2,2.32857,6.00000,38.8,1.52857,1.98571,77.0,0.97143,5.02857
Jakob Poeltl,TOR,C,68,29.00000,12.86765,9.33824,2.60294,0.92647,1.39706,1.73529,5.69118,8.98529,63.3,0.00000,0.00000,0.0,1.48529,2.32353,63.9,3.85294,5.47059
Jordan Poole,NOP,G,72,30.00000,18.47222,3.00000,4.19444,1.19444,0.30556,2.45833,6.12500,14.40278,42.5,2.94444,8.40278,35.0,3.27778,3.69444,88.7,0.38889,2.61111
Kevin Porter,MIL,G,68,31.50000,15.13235,4.72059,5.98529,1.26471,0.36765,3.17647,5.67647,13.13235,43.2,1.89706,5.57353,34.0,1.88235,2.51471,74.9,0.76471,3.97059
Michael Porter,BKN,F,67,32.00000,18.08955,7.04478,2.71642,0.64179,0.58209,1.82090,6.58209,14.07463,46.8,2.62687,7.04478,37.3,2.29851,2.88060,79.8,1.07463,5.97015
Bobby Portis,MIL,F,70,27.50000,16.37143,8.52857,2.34286,0.82857,0.47143,1.21429,6.57143,13.75714,47.8,1.70000,4.40000,38.6,1.52857,1.92857,79.3,2.32857,6.18571
Kristaps Porzingis,ATL,C,59,28.00000,18.18644,6.44068,1.81356,0.69492,1.54237,1.52542,6.25424,13.01695,48.0,2.18644,5.74576,38.1,3.49153,4.20339,83.1,1.59322,4.84746
Quinten Post,GSW,C,69,19.10145,10.34783,4.39130,1.56522,0.42029,0.62319,0.97101,3.60870,8.02899,44.9,2.05797,5.15942,39.9,1.07246,1.33333,80.4,1.49275,2.89855
Drake Powell,BKN,F,68,13.20588,5.07353,2.11765,1.16176,0.44118,0.14706,1.11765,1.89706,4.05882,46.7,0.57353,1.58824,36.1,0.70588,1.05882,66.7,0.42647,1.69118
Dwight Powell,DAL,C,60,10.00000,4.15000,2.25000,0.53333,0.20000,0.21667,0.35000,1.50000,2.33333,64.3,0.23333,0.30000,77.8,0.91667,1.18333,77.5,0.96667,1.28333
Norman Powell,MIA,G,65,29.80000,17.64615,2.96923,1.87692,0.83077,0.29231,1.49231,6.09231,12.81538,47.5,2.32308,5.66154,41.0,3.13846,3.87692,81.0,0.41538,2.55385
Taurean Prince,MIL,F,75,27.00000,8.77333,2.97333,1.89333,0.81333,0.26667,1.08000,3.12000,7.02667,44.4,1.88000,4.58667,41.0,0.65333,0.81333,80.3,0.44000,2.52000
Payton Pritchard,BOS,G,76,31.00000,17.01316,4.34211,4.64474,1.05263,0.18421,1.71053,6.02632,13.32895,45.2,3.42105,8.98684,38.1,1.53947,1.85526,83.0,1.03947,3.30263
Olivier-Maxence Prosper,MEM,F,60,15.00000,5.81667,1.73333,0.71667,0.33333,0.41667,0.83333,2.16667,4.85000,44.7,0.60000,1.85000,32.4,0.88333,1.11667,79.1,0.35000,1.38333
Derik Queen,NOP,C,65,23.00000,8.93846,6.67692,1.84615,0.75385,0.69231,2.07692,3.32308,6.81538,48.8,0.20000,0.69231,28.9,2.09231,2.75385,76.0,1.33846,5.33846
Neemias Queta,BOS,C,65,23.30769,10.23077,7.21538,1.40000,0.58462,1.40000,1.16923,4.26154,6.78462,62.8,0.00000,0.03077,0.0,1.70769,2.32308,73.5,3.26154,3.95385
Immanuel Quickley,TOR,G,70,33.50000,15.78571,3.54286,5.42857,0.81429,0.14286,1.62857,5.32857,12.08571,44.1,2.32857,5.97143,39.0,2.80000,3.25714,86.0,0.44286,3.08571
Julius Randle,MIN,F,70,32.50000,18.47143,7.15714,4.55714,0.67143,0.32857,2.92857,6.55714,14.10000,46.5,1.55714,4.68571,33.2,3.80000,4.87143,78.0,1.24286,5.90000
Duop Reath,POR,C,63,10.00000,5.03175,2.09524,0.66667,0.23810,0.33333,0.74603,1.92063,4.07937,47.1,0.66667,1.87302,35.6,0.52381,0.69841,75.0,0.52381,1.57143
Austin Reaves,LAL,G,70,34.50000,20.15714,4.14286,5.51429,0.97143,0.34286,2.41429,6.60000,13.80000,47.8,2.75714,7.24286,38.1,4.20000,4.82857,87.0,0.97143,3.17143
Paul Reed,DET,C,50,11.00000,4.22000,3.36000,0.58000,1.20000,0.50000,0.36000,1.96000,3.50000,56.0,0.08000,0.30000,26.7,0.22000,0.50000,44.0,1.60000,1.74000
Naz Reid,MIN,C,75,27.50667,14.76000,6.05333,2.48000,0.82667,1.10667,1.65333,5.54667,11.82667,46.9,2.22667,5.77333,38.6,1.44000,1.92000,75.0,2.05333,4.00000
Nick Richards,PHX,C,64,19.90625,8.17188,6.76563,0.70313,0.35938,1.00000,1.09375,3.12500,4.87500,64.1,0.00000,0.00000,0.0,1.92188,2.59375,74.1,2.67188,4.09375
Jase Richardson,ORL,G,66,10.39394,5.19697,1.96970,1.27273,0.34848,0.27273,0.87879,1.83333,4.01515,45.7,0.43939,1.24242,35.4,1.09091,1.31818,82.8,0.39394,1.57576
Will Riley,WAS,F,55,11.00000,5.49091,2.09091,1.34545,0.36364,0.29091,0.92727,1.92727,4.25455,45.3,0.47273,1.32727,35.6,1.16364,1.40000,83.1,0.41818,1.67273
Zaccharie Risacher,ATL,F,75,29.00000,16.32000,4.64000,1.74667,0.93333,0.64000,1.60000,6.10667,12.76000,47.9,2.20000,5.80000,37.9,1.90667,2.61333,73.0,0.66667,3.97333
Duncan Robinson,DET,F,70,23.40000,10.35714,2.32857,2.10000,0.48571,0.15714,0.94286,3.58571,8.28571,43.3,2.35714,6.08571,38.7,0.82857,0.94286,87.9,0.27143,2.05714
Mitchell Robinson,NYK,C,50,20.00000,5.28000,6.40000,0.42000,0.80000,1.00000,0.64000,2.26000,3.32000,68.1,0.00000,0.00000,0.0,0.76000,1.60000,47.5,3.06000,3.34000
Jeremiah Robinson-Earl,DAL,F,45,9.00000,3.04444,2.26667,0.40000,0.24444,0.13333,0.33333,1.11111,2.68889,41.3,0.48889,1.35556,36.1,0.33333,0.44444,75.0,0.62222,1.64444
David Roddy,TOR,F,66,8.80303,4.10606,1.45455,0.77273,0.19697,0.15152,0.54545,1.65152,3.40909,48.4,0.42424,1.27273,33.3,0.37879,0.57576,65.8,0.43939,1.01515
Ryan Rollins,MIL,G,65,11.10769,5.10769,1.66154,1.55385,0.66154,0.27692,0.78462,1.83077,3.76923,48.6,0.67692,1.66154,40.7,0.76923,0.93846,82.0,0.49231,1.16923
Terry Rozier,MIA,G,60,18.00000,9.53333,2.30000,2.51667,0.68333,0.18333,0.70000,3.51667,7.91667,44.4,1.18333,3.23333,36.6,1.31667,1.58333,83.2,0.41667,1.90000
D'Angelo Russell,DAL,G,71,28.00000,14.52113,2.66197,5.69014,0.83099,0.29577,1.95775,5.07042,12.02817,42.2,2.38028,6.42254,37.1,2.00000,2.40845,83.0,0.30986,2.35211
Domantas Sabonis,SAC,C,75,34.50667,19.70667,13.45333,6.21333,0.85333,0.44000,3.14667,7.80000,13.45333,58.0,0.92000,2.41333,38.1,3.18667,4.30667,74.0,3.60000,9.85333
Tidjane Salaun,CHA,F,67,21.50746,7.71642,4.94030,1.40299,0.53731,0.32836,1.07463,2.59701,6.98507,37.2,1.19403,3.76119,31.7,1.32836,1.82090,73.0,0.71642,4.23881
Gui Santos,GSW,F,33,7.69697,3.96970,2.66667,0.48485,0.15152,0.33333,0.48485,1.51515,2.72727,55.6,0.24242,0.66667,36.4,0.69697,0.93939,74.2,0.81818,1.87879
Ben Saraf,BKN,G,65,11.20000,5.58462,2.12308,1.36923,0.36923,0.29231,0.95385,1.96923,4.32308,45.6,0.47692,1.33846,35.6,1.16923,1.41538,82.6,0.43077,1.70769
Dario Saric,SAC,C,60,10.00000,4.96667,2.76667,1.40000,0.35000,0.16667,0.30000,1.76667,3.58333,49.3,0.66667,1.70000,39.2,0.76667,0.90000,85.2,0.83333,1.93333
Alex Sarr,WAS,F,70,30.90000,16.28571,7.72857,2.92857,0.72857,1.71429,1.70000,5.97143,14.08571,42.4,1.95714,5.87143,33.3,2.38571,3.40000,70.2,1.92857,5.80000
Marcus Sasser,DET,G,65,16.00000,6.95385,1.44615,2.72308,0.72308,0.13846,1.04615,2.40000,5.60000,42.9,1.12308,2.87692,39.0,1.03077,1.18462,87.0,0.29231,1.15385
Baylor Scheierman,BOS,G,60,20.20000,7.85000,3.65000,2.00000,0.91667,0.20000,0.78333,2.58333,6.48333,39.8,1.63333,4.46667,36.6,1.05000,1.23333,85.1,0.91667,2.75000
Dennis Schroder,SAC,G,70,23.80000,11.02857,2.25714,4.28571,0.68571,0.10000,1.42857,3.84286,9.04286,42.5,1.32857,3.81429,34.8,2.01429,2.38571,84.4,0.35714,1.90000
Alperen Sengun,HOU,C,75,32.49333,20.64000,10.66667,5.33333,1.17333,0.97333,2.77333,8.00000,15.26667,52.4,0.44000,1.61333,27.3,4.20000,5.84000,71.9,3.56000,6.78667
Brice Sensabaugh,UTA,F,67,16.00000,8.68657,2.56716,1.25373,0.56716,0.16418,1.23881,3.05970,6.71642,45.6,1.70149,4.16418,40.9,0.86567,0.95522,90.6,0.52239,2.04478
Collin Sexton,CHA,G,69,25.89855,16.63768,2.59420,4.01449,0.73913,0.18841,2.13043,5.95652,12.43478,47.9,1.52174,3.88406,39.2,3.20290,3.72464,86.0,0.94203,1.65217
Landry Shamet,NYK,G,55,15.10909,6.30909,1.32727,1.12727,0.29091,0.09091,0.43636,2.10909,5.09091,41.4,1.36364,3.50909,38.9,0.72727,0.85455,85.1,0.16364,1.16364
Terrence Shannon,MIN,F,70,18.00000,8.94286,2.51429,2.00000,0.45714,0.27143,0.90000,3.30000,6.84286,48.2,0.87143,2.34286,37.2,1.47143,1.80000,81.7,0.35714,2.15714
Day'Ron Sharpe,BKN,C,60,19.00000,8.78333,7.41667,1.90000,0.76667,0.95000,1.33333,3.53333,6.65000,53.1,0.28333,0.95000,29.8,1.43333,2.00000,71.7,3.75000,3.66667
Shaedon Sharpe,POR,G,70,34.40000,21.98571,4.95714,3.44286,0.98571,0.34286,2.41429,8.11429,17.88571,45.4,2.54286,7.57143,33.6,3.21429,4.12857,77.9,1.48571,3.47143
Ben Sheppard,IND,G,66,20.00000,6.51515,2.31818,0.93939,0.80303,0.01515,0.43939,2.34848,5.60606,41.9,1.24242,3.60606,34.5,0.57576,0.66667,86.4,0.46970,1.84848
Reed Sheppard,HOU,G,71,27.00000,13.05634,3.32394,3.90141,1.47887,0.76056,1.83099,4.60563,10.92958,42.1,2.73239,6.74648,40.5,1.11268,1.35211,82.3,0.47887,2.84507
Pascal Siakam,IND,F,72,33.19444,23.01389,7.63889,5.15278,0.83333,0.54167,2.98611,8.75000,17.93056,48.8,1.58333,4.65278,34.0,3.93056,5.30556,74.1,1.68056,5.94444
Anfernee Simons,BOS,G,68,32.50000,19.38235,2.92647,4.70588,0.57353,0.11765,2.22059,6.82353,15.92647,42.8,3.16176,8.45588,37.4,2.57353,2.88235,89.3,0.50000,2.42647
Jericho Sims,MIL,C,66,13.30303,2.16667,3.83333,0.50000,0.25758,0.53030,0.48485,0.93939,1.28788,72.9,0.00000,0.00000,0.0,0.28788,0.69697,41.3,1.37879,2.45455
Marcus Smart,LAL,G,60,18.90000,7.46667,2.08333,2.83333,1.13333,0.16667,1.31667,2.63333,6.23333,42.2,1.10000,3.21667,34.2,1.10000,1.46667,75.0,0.31667,1.75000
Dennis Smith,DAL,G,24,9.41667,3.41667,1.29167,1.95833,0.62500,0.16667,0.75000,1.37500,3.20833,42.9,0.25000,0.83333,30.0,0.41667,0.58333,71.4,0.29167,1.00000
Jabari Smith,HOU,F,72,31.00000,13.22222,7.12500,1.23611,0.62500,0.77778,1.23611,4.66667,10.54167,44.3,1.91667,5.26389,36.4,1.97222,2.36111,83.5,2.13889,4.98611
Jalen Smith,CHI,C,64,15.00000,7.39063,4.98438,0.39063,0.25000,0.67188,0.68750,2.70313,5.67188,47.7,0.67188,1.98438,33.9,1.31250,1.65625,79.2,1.64063,3.34375
Nick Smith,LAL,G,64,15.40625,6.51563,1.78125,0.73438,0.68750,0.42188,0.84375,2.31250,5.64063,41.0,0.98438,2.56250,38.4,0.90625,1.14063,79.5,0.35938,1.42188
Tyler Smith,MIL,F,44,8.79545,3.93182,2.20455,0.77273,0.20455,0.34091,0.65909,1.59091,3.54545,44.9,0.29545,0.88636,33.3,0.45455,0.61364,74.1,0.31818,1.88636
Jeremy Sochan,SAS,F,69,27.10145,12.57971,6.50725,2.71014,0.89855,0.53623,1.62319,4.94203,9.43478,52.4,0.69565,2.11594,32.9,2.00000,2.71014,73.8,2.27536,4.23188
Thomas Sorber,OKC,C,55,10.80000,4.05455,3.01818,1.07273,0.36364,0.47273,0.90909,1.50909,2.87273,52.5,0.16364,0.70909,23.1,0.87273,1.18182,73.8,0.60000,2.41818
Cam Spencer,MEM,G,60,12.00000,5.85000,1.55000,1.73333,0.45000,0.06667,0.35000,1.88333,4.36667,43.1,1.13333,2.93333,38.6,0.95000,1.06667,89.1,0.18333,1.36667
Isaiah Stewart,DET,F,65,19.00000,5.46154,5.32308,1.70769,0.38462,1.13846,0.89231,2.10769,3.98462,52.9,0.26154,0.75385,34.7,0.98462,1.32308,74.4,1.95385,3.36923
Julian Strawther,DEN,F,55,14.50909,5.38182,1.69091,0.69091,0.63636,0.40000,0.80000,1.96364,4.69091,41.9,0.60000,1.78182,33.7,0.85455,1.07273,79.7,0.34545,1.34545
Max Strus,CLE,F,55,29.00000,10.07273,4.18182,3.30909,0.50909,0.29091,1.03636,3.61818,8.70909,41.5,2.05455,5.80000,35.4,0.78182,0.96364,81.1,0.49091,3.67273
Jalen Suggs,ORL,G,64,29.00000,13.98438,3.76563,3.53125,1.42188,0.81250,2.31250,4.89063,11.31250,43.2,2.03125,5.79688,35.0,2.17188,2.60938,83.2,0.57813,3.20313
Jae'Sean Tate,HOU,F,67,13.00000,6.29851,2.65672,1.40299,0.46269,0.25373,0.88060,2.44776,5.00000,49.0,0.55224,1.67164,33.0,0.85075,1.16418,73.1,0.85075,1.80597
Jayson Tatum,BOS,F,10,19.40000,15.00000,4.30000,2.40000,0.50000,0.30000,1.50000,5.20000,11.10000,46.8,1.70000,4.60000,37.0,2.90000,3.50000,82.9,0.60000,3.70000
Dalen Terry,CHI,F,65,12.00000,3.96923,1.80000,1.32308,0.52308,0.12308,0.73846,1.49231,3.43077,43.5,0.33846,1.03077,32.8,0.64615,0.92308,70.0,0.53846,1.26154
Cam Thomas,BKN,G,65,31.00000,22.87692,3.72308,4.33846,0.67692,0.21538,2.47692,7.41538,17.35385,42.7,2.70769,7.75385,34.9,5.33846,6.20000,86.1,0.36923,3.35385
Amen Thompson,HOU,G,70,35.00000,17.74286,8.75714,4.90000,1.78571,1.40000,2.45714,6.75714,12.42857,54.4,0.55714,1.92857,28.9,3.67143,5.25714,69.8,1.40000,7.35714
Ausar Thompson,DET,F,68,29.00000,13.77941,6.67647,3.01471,2.02941,0.92647,1.88235,5.51471,10.44118,52.8,0.45588,1.73529,26.3,2.29412,3.48529,65.8,2.00000,4.66176
Klay Thompson,DAL,F,70,27.00000,13.37143,2.97143,1.88571,0.60000,0.32857,1.22857,4.80000,11.61429,41.3,2.91429,7.42857,39.2,0.85714,0.94286,90.9,0.35714,2.61429
Matisse Thybulle,POR,F,65,18.00000,3.56923,1.61538,0.80000,1.18462,0.75385,0.41538,1.43077,3.20000,44.7,0.52308,1.53846,34.0,0.18462,0.27692,66.7,0.44615,1.16923
Xavier Tillman,BOS,F,60,15.50000,6.06667,3.56667,1.36667,1.08333,0.33333,0.75000,2.31667,4.65000,49.8,0.41667,1.55000,26.9,1.01667,1.56667,64.9,1.46667,2.10000
Nikola Topic,OKC,G,58,13.20690,6.24138,2.63793,1.89655,0.53448,0.46552,0.98276,2.41379,5.55172,43.5,0.65517,2.05172,31.9,0.75862,1.05172,72.1,0.37931,2.25862
Obi Toppin,IND,F,80,22.50000,11.40000,4.50000,1.57500,0.46250,0.60000,1.02500,4.35000,8.32500,52.3,1.57500,4.05000,38.9,1.12500,1.43750,78.3,1.16250,3.33750
Karl-Anthony Towns,NYK,C,70,34.00000,23.42857,12.82857,3.42857,1.00000,0.78571,2.71429,8.42857,16.15714,52.2,2.07143,5.00000,41.4,4.50000,5.10000,88.2,3.40000,9.28571
Nolan Traore,BKN,G,58,14.29310,7.13793,2.72414,1.74138,0.46552,0.37931,1.20690,2.51724,5.51724,45.6,0.60345,1.72414,35.0,1.50000,1.81034,82.9,0.55172,2.17241
Gary Trent,MIL,G,69,27.79710,12.57971,2.50725,1.53623,1.11594,0.21739,0.78261,4.34783,10.26087,42.4,2.52174,6.36232,39.6,1.36232,1.66667,81.7,0.34783,2.15942
Myles Turner,MIL,C,68,30.00000,16.58824,6.60294,1.50000,0.67647,2.10294,1.64706,5.88235,12.00000,49.0,2.27941,6.00000,38.0,2.54412,3.29412,77.2,1.44118,5.16176
Hunter Tyson,DEN,F,65,11.10769,3.09231,1.84615,1.10769,0.44615,0.21538,0.33846,1.23077,2.66154,46.2,0.30769,1.00000,30.8,0.32308,0.44615,72.4,0.46154,1.38462
Jaylon Tyson,CLE,F,63,13.09524,7.34921,1.52381,2.01587,0.30159,0.07937,0.96825,2.77778,6.85714,40.5,1.03175,2.87302,35.9,0.76190,0.92063,82.8,0.22222,1.30159
Jonas Valanciunas,DEN,C,77,16.00000,8.77922,6.40260,1.59740,0.27273,0.48052,1.03896,3.53247,6.40260,55.2,0.25974,0.80519,32.3,1.45455,1.76623,82.4,1.71429,4.68831
Jarred Vanderbilt,LAL,F,65,16.00000,4.35385,5.30769,0.80000,0.84615,0.38462,0.61538,1.80000,3.07692,58.5,0.01538,0.12308,12.5,0.73846,1.10769,66.7,1.83077,3.47692
Fred VanVleet,HOU,G,5,19.00000,7.60000,2.00000,2.80000,0.80000,0.20000,0.80000,2.60000,6.60000,39.4,1.40000,4.00000,35.0,1.00000,1.20000,83.3,0.20000,1.60000
Devin Vassell,SAS,F,68,32.50000,17.91176,3.89706,2.92647,1.36765,0.48529,1.52941,6.63235,14.63235,45.3,2.79412,7.47059,37.4,1.85294,2.27941,81.3,0.55882,3.33824
Gabe Vincent,LAL,G,65,20.00000,6.93846,1.58462,2.06154,0.78462,0.15385,1.23077,2.52308,6.06154,41.6,1.30769,3.66154,35.7,0.58462,0.67692,86.4,0.27692,1.30769
Nikola Vucevic,CHI,C,71,32.09859,17.30986,9.78873,3.12676,0.77465,0.73239,1.80282,7.33803,14.90141,49.2,1.30986,3.98592,32.9,1.32394,1.60563,82.5,2.15493,7.63380
Tristan Vukcevic,WAS,C,35,15.00000,9.60000,3.91429,1.34286,0.40000,0.74286,1.05714,3.37143,6.97143,48.4,1.17143,3.22857,36.3,1.68571,2.17143,77.6,0.97143,2.91429
Dean Wade,CLE,F,60,20.00000,5.48333,3.06667,1.06667,0.60000,0.15000,0.33333,2.01667,4.43333,45.5,1.03333,2.90000,35.6,0.41667,0.61667,67.6,0.63333,2.43333
Franz Wagner,ORL,F,70,32.50000,20.97143,4.87143,3.90000,1.30000,0.35714,2.11429,7.68571,15.92857,48.3,1.42857,4.55714,31.3,4.17143,4.87143,85.6,1.15714,3.72857
Moritz Wagner,ORL,C,60,15.00000,8.71667,3.63333,1.36667,0.31667,0.20000,0.88333,3.00000,6.18333,48.5,1.06667,3.13333,34.0,1.65000,2.01667,81.8,0.65000,2.96667
Jabari Walker,PHI,F,61,13.90164,5.81967,4.83607,0.68852,0.34426,0.31148,0.45902,2.19672,4.57377,48.0,0.37705,1.18033,31.9,1.04918,1.39344,75.3,1.44262,3.37705
Jarace Walker,IND,F,70,24.50000,10.12857,4.90000,2.45714,1.10000,0.68571,1.71429,3.61429,7.84286,46.1,1.67143,4.17143,40.1,1.22857,1.71429,71.7,1.37143,3.52857
Cason Wallace,OKC,G,75,29.00000,10.44000,3.77333,2.90667,2.02667,0.69333,1.16000,4.10667,8.49333,48.4,1.50667,3.85333,39.1,0.72000,0.86667,83.1,0.77333,3.00000
Jordan Walsh,BOS,F,69,11.00000,2.89855,2.08696,0.66667,0.43478,0.28986,0.55072,1.01449,2.56522,39.5,0.47826,1.57971,30.3,0.39130,0.55072,71.1,0.62319,1.46377
Ja'Kobe Walter,TOR,G,68,15.00000,6.13235,1.73529,0.82353,0.50000,0.10294,0.82353,2.11765,5.30882,39.9,0.82353,2.48529,33.1,1.07353,1.32353,81.1,0.25000,1.48529
Kel'el Ware,MIA,C,70,27.50000,13.58571,9.62857,1.37143,0.82857,1.51429,1.10000,5.68571,10.17143,55.9,0.84286,2.47143,34.1,1.37143,1.92857,71.1,2.40000,7.21429
P.J. Washington,DAL,F,69,25.89855,11.98551,4.94203,1.81159,0.91304,0.78261,1.28986,4.42029,9.84058,44.9,1.68116,4.66667,36.0,1.46377,2.07246,70.6,1.20290,3.73913
Trendon Watford,PHI,F,60,12.10000,5.95000,2.76667,1.13333,0.35000,0.38333,0.61667,2.26667,4.25000,53.3,0.41667,1.06667,39.1,1.00000,1.31667,75.9,0.80000,1.98333
Peyton Watson,DEN,F,72,24.50000,8.43056,4.33333,1.58333,0.56944,1.25000,0.73611,3.15278,6.86111,46.0,0.65278,1.95833,33.3,1.47222,2.15278,68.4,1.30556,3.04167
Jaylen Wells,MEM,F,75,31.00000,14.41333,5.26667,2.48000,0.77333,0.18667,1.25333,5.02667,11.25333,44.7,2.29333,6.20000,37.0,2.06667,2.49333,82.9,1.14667,4.12000
Victor Wembanyama,SAS,C,70,34.00000,26.78571,11.21429,4.08571,1.27143,3.91429,3.40000,9.54286,19.38571,49.2,3.40000,9.18571,37.0,4.30000,5.10000,84.3,3.02857,8.18571
Blake Wesley,POR,G,40,10.00000,3.82500,1.10000,1.55000,0.45000,0.07500,0.87500,1.45000,3.77500,38.4,0.35000,1.10000,31.8,0.57500,0.92500,62.2,0.32500,0.77500
Coby White,CHI,G,74,34.00000,21.43243,4.08108,4.75676,0.85135,0.22973,2.37838,7.04054,15.98649,44.0,3.21622,8.50000,37.8,4.13514,4.75676,86.9,0.37838,3.70270
Derrick White,BOS,G,74,33.00000,18.60811,4.62162,5.39189,0.89189,1.00000,1.98649,6.31081,14.85135,42.5,3.21622,8.90541,36.1,2.77027,3.29730,84.0,0.67568,3.94595
Dariq Whitehead,BKN,F,40,12.00000,6.00000,1.62500,0.95000,0.30000,0.12500,0.65000,2.07500,4.80000,43.2,1.45000,3.47500,41.7,0.40000,0.60000,66.7,0.32500,1.30000
Cam Whitmore,WAS,F,68,23.29412,16.00000,4.66176,1.75000,0.92647,0.47059,1.39706,5.75000,12.80882,44.9,2.29412,6.29412,36.4,2.20588,3.02941,72.8,0.70588,3.95588
Aaron Wiggins,OKC,F,75,24.00000,12.74667,3.84000,2.04000,0.84000,0.24000,1.06667,4.84000,9.84000,49.2,1.92000,4.80000,40.0,1.14667,1.44000,79.6,1.10667,2.73333
Andrew Wiggins,MIA,F,71,30.00000,16.83099,4.18310,2.39437,0.98592,0.74648,1.64789,6.22535,13.69014,45.5,2.15493,5.70423,37.8,2.22535,3.00000,74.2,1.09859,3.08451
Brandon Williams,DAL,G,50,16.00000,9.20000,1.86000,2.36000,0.60000,0.20000,1.28000,3.22000,6.48000,49.7,0.80000,2.08000,38.5,1.96000,2.42000,81.0,0.48000,1.38000
Cody Williams,UTA,F,68,20.00000,7.60294,2.32353,1.10294,0.47059,0.42647,1.10294,2.97059,6.20588,47.9,0.64706,1.76471,36.7,1.01471,1.39706,72.6,0.33824,1.98529
Grant Williams,CHA,F,70,27.00000,9.30000,4.51429,1.78571,0.54286,0.60000,0.88571,3.18571,7.15714,44.5,1.54286,4.18571,36.9,1.38571,1.78571,77.6,1.05714,3.45714
Jalen Williams,OKC,F,70,33.00000,22.35714,5.28571,5.61429,1.65714,0.60000,2.31429,8.22857,16.50000,49.9,1.88571,4.95714,38.0,4.01429,4.95714,81.0,1.58571,3.70000
Jaylin Williams,OKC,C,61,14.00000,4.93443,4.86885,2.24590,0.42623,0.55738,0.70492,1.73770,3.91803,44.4,1.03279,2.65574,38.9,0.42623,0.55738,76.5,1.45902,3.40984
Kenrich Williams,OKC,F,42,13.09524,4.45238,2.69048,1.30952,0.54762,0.11905,0.57143,1.76190,3.88095,45.4,0.52381,1.47619,35.5,0.40476,0.66667,60.7,0.90476,1.76190
Mark Williams,PHX,C,60,28.00000,14.80000,10.36667,2.16667,0.83333,1.35000,1.53333,5.90000,9.51667,62.0,0.00000,0.00000,0.0,3.00000,3.71667,80.7,3.10000,7.25000
Patrick Williams,CHI,F,70,25.00000,8.72857,4.08571,1.65714,0.77143,0.75714,0.94286,3.21429,7.57143,42.5,1.27143,3.25714,39.0,1.02857,1.37143,75.0,1.00000,3.08571
Robert Williams,POR,C,50,15.00000,4.54000,4.96000,1.00000,0.52000,1.20000,0.60000,1.98000,3.06000,64.7,0.00000,0.00000,0.0,0.58000,0.74000,78.4,2.00000,2.94000
Vince Williams,MEM,F,60,18.00000,7.40000,3.60000,1.98333,0.53333,0.36667,1.10000,2.53333,5.76667,43.9,1.03333,3.06667,33.7,1.30000,1.61667,80.4,1.08333,2.51667
Ziaire Williams,BKN,F,60,22.00000,8.16667,2.11667,1.06667,0.83333,0.20000,0.66667,3.08333,6.93333,44.5,1.26667,3.95000,32.1,0.73333,0.90000,81.5,0.41667,1.68333
Zion Williamson,NOP,F,59,30.00000,26.38983,7.35593,5.40678,1.20339,0.89831,3.00000,10.20339,17.72881,57.6,0.10169,0.32203,31.6,5.88136,8.40678,70.0,3.13559,4.22034
Jalen Wilson,BKN,F,70,15.00000,6.64286,2.25714,1.27143,0.32857,0.11429,0.51429,2.24286,5.25714,42.7,1.02857,2.85714,36.0,1.12857,1.35714,83.2,0.55714,1.68571
James Wiseman,IND,C,55,11.80000,6.14545,4.16364,0.38182,0.12727,0.49091,0.81818,2.60000,4.78182,54.4,0.10909,0.58182,18.8,0.83636,1.14545,73.0,1.16364,3.00000
Danny Wolf,BKN,F,68,13.39706,6.48529,3.08824,2.51471,0.26471,0.35294,1.13235,2.39706,5.17647,46.3,0.51471,1.60294,32.1,1.17647,1.47059,80.0,0.61765,2.47059
Delon Wright,IND,G,60,12.00000,2.95000,1.81667,1.55000,0.76667,0.15000,0.36667,1.05000,2.31667,45.3,0.40000,1.05000,38.1,0.45000,0.51667,87.1,0.41667,1.40000
Guerschon Yabusele,NYK,F,70,18.10000,6.60000,3.61429,1.32857,0.60000,0.24286,0.72857,2.42857,4.70000,51.7,0.82857,2.17143,38.2,0.91429,1.27143,71.9,0.70000,2.91429
Trae Young,ATL,G,72,36.00000,24.70833,3.16667,10.44444,1.22222,0.09722,4.31944,7.58333,18.00000,42.1,2.98611,8.27778,36.1,6.55556,7.50000,87.4,0.55556,2.61111
Ivica Zubac,LAC,C,77,31.49351,15.02597,12.46753,2.59740,0.57143,1.36364,1.51948,6.49351,10.38961,62.5,0.00000,0.00000,0.0,2.03896,2.83117,72.0,4.28571,8.18182