,,,Stats,,,,,,,,,,Ratings,,,,,,,,
,Player,Team,G,MIN,PTS,REB,AST,STL,BLK,3PM,FG%,FT%,Overall,PTS,REB,AST,STL,BLK,3PM,FG%,FT%
1,Nikola Jokic,DEN,9,38.7,33.9,12.1,9.8,2.1,0.4,2.4,58.0,78.7,1.61,3.02,2.47,2.63,2.34,-0.35,0.62,2.02,0.17
2,James Harden,LAC,15,36.2,24.7,5.5,8.6,1.5,0.9,2.9,47.7,89.0,0.99,1.40,-0.09,2.09,0.94,0.62,1.08,-0.36,2.22
3,Shai Gilgeous-Alexander,OKC,12,33.4,32.3,4.3,7.3,1.4,0.8,2.1,48.9,88.7,0.92,2.73,-0.56,1.52,0.83,0.42,0.28,-0.26,2.42
4,Luka Doncic,DAL/LAL,15,35.9,30.0,7.6,7.5,1.4,0.4,3.9,46.2,81.7,0.89,2.33,0.71,1.58,0.79,-0.44,1.97,-0.84,1.01
5,Kawhi Leonard,LAC,13,35.4,26.4,7.3,3.8,1.9,0.5,2.6,55.0,90.4,0.88,1.69,0.60,-0.09,1.93,-0.32,0.78,1.11,1.30
6,Trae Young,ATL,14,35.6,25.7,2.9,12.1,1.6,0.1,3.4,45.3,88.9,0.87,1.57,-1.13,3.66,1.16,-1.09,1.56,-0.89,2.14
7,Deni Avdija,POR,11,35.7,26.1,10.4,5.5,1.3,0.5,3.0,51.1,82.7,0.83,1.64,1.79,0.72,0.51,-0.33,1.15,0.27,0.87
8,Josh Giddey,CHI,10,33.6,19.4,10.6,10.1,1.9,0.7,1.6,47.9,75.9,0.79,0.45,1.88,2.77,1.88,0.16,-0.18,-0.28,-0.40
9,Stephen Curry,GSW,13,32.3,25.7,4.8,5.5,1.5,0.5,4.5,44.8,92.3,0.74,1.57,-0.39,0.71,0.92,-0.32,2.54,-1.06,1.94
10,Tyrese Haliburton,IND,12,31.8,19.8,3.8,10.6,1.3,1.0,2.8,51.2,81.8,0.71,0.53,-0.79,2.99,0.64,0.75,0.99,0.26,0.29
11,Giannis Antetokounmpo,MIL,14,35.4,29.9,11.1,8.5,1.2,1.1,0.4,59.4,69.1,0.69,2.31,2.06,2.05,0.38,0.90,-1.30,1.99,-2.85
12,Anthony Edwards,MIN,14,35.9,29.1,4.6,4.2,1.3,0.9,3.9,47.1,84.2,0.67,2.17,-0.44,0.12,0.54,0.47,2.03,-0.66,1.15
13,Austin Reaves,LAL,15,36.6,23.9,4.7,5.1,1.1,0.4,3.4,52.2,89.2,0.55,1.26,-0.40,0.50,0.06,-0.44,1.53,0.45,1.48
14,Dyson Daniels,ATL,14,33.4,14.9,7.3,5.4,3.0,0.7,1.0,56.1,52.4,0.53,-0.34,0.59,0.63,4.28,0.19,-0.75,0.90,-1.22
15,OG Anunoby,NYK,15,35.9,23.3,5.0,2.4,1.8,0.9,2.7,50.0,84.5,0.51,1.15,-0.30,-0.70,1.66,0.62,0.83,0.06,0.79
16,Kevin Durant,PHX,8,32.8,25.6,5.5,3.9,0.5,0.8,3.0,51.9,89.1,0.48,1.56,-0.11,-0.04,-1.18,0.26,1.15,0.42,1.74
17,Jimmy Butler,GSW/MIA,16,33.8,18.9,5.4,6.1,2.0,0.3,0.9,49.4,86.0,0.45,0.37,-0.15,0.95,2.10,-0.61,-0.87,0.01,1.82
18,Karl-Anthony Towns,NYK,14,34.4,25.4,11.2,3.0,0.9,0.5,1.6,53.2,81.3,0.45,1.52,2.12,-0.43,-0.40,-0.24,-0.14,0.71,0.47
19,Tyler Herro,MIA,14,33.9,24.2,4.3,4.6,1.1,0.1,2.2,53.0,95.2,0.41,1.31,-0.58,0.28,0.07,-0.95,0.40,0.63,2.09
20,Amen Thompson,HOU,9,30.3,14.4,7.1,5.2,2.0,1.6,0.6,58.2,57.9,0.40,-0.43,0.52,0.57,2.10,1.86,-1.18,1.11,-1.32
21,Desmond Bane,MEM,14,33.8,21.9,5.5,4.9,1.1,0.2,3.2,49.1,97.2,0.39,0.89,-0.11,0.41,0.23,-0.81,1.35,-0.11,1.26
22,Cade Cunningham,DET,8,33.1,28.4,6.3,7.9,0.8,0.8,1.8,52.5,69.4,0.39,2.04,0.19,1.77,-0.63,0.26,-0.04,0.68,-1.16
23,Zion Williamson,NOP,2,29.0,29.5,5.5,5.5,1.5,1.0,0.0,61.8,70.8,0.37,2.24,-0.11,0.70,1.01,0.75,-1.70,2.36,-2.31
24,Coby White,CHI,15,33.6,24.7,4.3,4.4,0.7,0.3,2.6,51.1,90.2,0.35,1.40,-0.56,0.20,-0.81,-0.71,0.77,0.25,2.30
25,Onyeka Okongwu,ATL,14,33.1,16.2,11.0,2.5,1.3,0.8,1.4,55.2,82.6,0.35,-0.11,2.03,-0.66,0.54,0.33,-0.41,0.74,0.32
26,Ivica Zubac,LAC,15,33.4,19.1,13.5,3.4,0.5,1.0,0.0,64.2,75.0,0.34,0.40,2.99,-0.25,-1.25,0.75,-1.70,2.19,-0.39
27,LeBron James,LAL,12,35.1,21.7,5.8,6.7,1.5,0.3,1.4,48.7,83.6,0.34,0.85,0.02,1.22,1.01,-0.57,-0.36,-0.18,0.73
28,Jayson Tatum,BOS,10,35.3,24.2,8.0,6.9,0.7,0.6,2.4,43.3,84.0,0.32,1.30,0.87,1.33,-0.74,-0.04,0.58,-1.51,0.77
29,Tre Jones,CHI/SAS,4,33.0,16.0,4.0,8.5,1.3,0.3,1.0,67.5,85.7,0.31,-0.15,-0.69,2.05,0.46,-0.74,-0.75,2.10,0.24
30,Jakob Poeltl,TOR,6,26.7,17.3,9.2,2.2,0.8,1.5,0.2,72.1,55.6,0.28,0.09,1.32,-0.81,-0.45,1.75,-1.55,2.96,-1.09
31,Nikola Vucevic,CHI,15,28.7,17.3,9.7,4.1,0.8,1.0,1.9,51.5,77.8,0.28,0.09,1.54,0.08,-0.52,0.75,0.13,0.30,-0.15
32,Adem Bona,PHI,11,29.1,13.6,8.2,1.0,1.1,2.5,0.0,72.7,64.7,0.28,-0.57,0.94,-1.33,0.11,3.83,-1.70,2.19,-1.26
33,Domantas Sabonis,SAC,13,32.6,17.8,13.0,5.1,0.8,0.2,0.6,58.1,77.1,0.27,0.16,2.81,0.50,-0.42,-0.78,-1.12,1.23,-0.19
34,Ja Morant,MEM,7,32.4,28.4,4.3,6.3,1.1,0.1,3.1,48.1,75.0,0.27,2.05,-0.58,1.05,0.23,-0.95,1.28,-0.46,-0.50
35,Mark Williams,CHA,11,28.6,14.1,10.6,3.1,0.8,1.3,0.0,63.2,87.5,0.27,-0.49,1.89,-0.39,-0.48,1.30,-1.70,1.55,0.45
36,Donovan Mitchell,CLE,11,32.5,22.6,5.6,6.3,1.5,0.5,2.3,40.1,84.1,0.25,1.03,-0.05,1.04,0.91,-0.33,0.46,-2.10,1.03
37,Myles Turner,IND,14,28.2,15.7,6.9,1.2,0.4,2.6,2.2,50.3,76.8,0.25,-0.20,0.42,-1.24,-1.33,4.03,0.40,0.13,-0.23
38,Bam Adebayo,MIA,14,33.3,20.6,7.9,4.1,1.1,0.7,1.9,47.6,80.7,0.25,0.67,0.84,0.08,0.23,0.19,0.13,-0.39,0.22
39,Quentin Grimes,DAL/PHI,13,34.8,24.8,5.2,5.5,1.5,0.2,3.4,44.0,75.3,0.22,1.40,-0.24,0.71,1.09,-0.93,1.51,-1.23,-0.53
40,Derrick White,BOS,12,34.1,15.1,5.3,6.7,0.9,1.0,3.3,42.7,79.2,0.21,-0.31,-0.20,1.22,-0.27,0.75,1.46,-0.93,-0.07
41,Evan Mobley,CLE,12,31.8,18.2,9.0,3.6,0.9,1.8,1.7,50.9,64.2,0.20,0.23,1.26,-0.17,-0.27,2.25,-0.12,0.22,-1.79
42,Rudy Gobert,MIN,14,33.8,15.9,13.0,1.4,1.0,1.3,0.0,70.9,65.2,0.19,-0.16,2.81,-1.14,-0.08,1.32,-1.70,2.27,-1.77
43,Kristaps Porzingis,BOS,10,28.5,21.2,6.7,2.5,0.4,1.2,2.6,51.1,80.0,0.19,0.77,0.36,-0.66,-1.39,1.15,0.77,0.24,0.25
44,Michael Porter,DEN,13,33.9,17.8,7.5,2.3,0.9,0.8,2.5,49.4,85.7,0.16,0.16,0.69,-0.74,-0.25,0.30,0.71,-0.02,0.46
45,Paolo Banchero,ORL,12,35.4,28.1,8.6,5.0,0.7,0.3,1.9,45.9,77.7,0.16,1.99,1.09,0.47,-0.81,-0.57,0.12,-0.97,-0.06
46,Franz Wagner,ORL,12,33.9,23.3,6.4,4.8,0.8,0.2,1.8,45.7,93.9,0.15,1.13,0.25,0.39,-0.45,-0.90,-0.04,-0.91,1.73
47,Cameron Johnson,BKN,7,30.1,18.3,5.1,6.1,0.6,0.3,1.9,45.7,96.9,0.14,0.25,-0.24,0.99,-1.02,-0.67,0.06,-0.58,2.34
48,Jamal Murray,DEN,7,33.7,21.3,5.0,5.6,1.0,0.3,2.0,47.9,87.5,0.14,0.79,-0.30,0.73,-0.08,-0.67,0.20,-0.35,0.81
49,Josh Hart,NYK,15,36.5,10.3,8.8,7.0,2.0,0.3,1.0,45.5,66.7,0.14,-1.16,1.18,1.37,2.10,-0.57,-0.75,-0.37,-0.71
50,Devin Booker,PHX,14,36.4,25.0,4.1,7.7,0.3,0.1,1.4,47.5,91.9,0.13,1.45,-0.66,1.69,-1.64,-0.95,-0.35,-0.53,2.00
51,Bobby Portis,MIL,3,28.0,16.3,9.3,0.7,1.3,0.3,1.7,50.0,100.0,0.12,-0.09,1.39,-1.48,0.64,-0.57,-0.12,0.08,1.10
52,Damian Lillard,MIL,3,34.7,20.0,4.7,4.7,0.7,0.3,3.3,38.1,90.0,0.11,0.56,-0.43,0.32,-0.81,-0.57,1.46,-1.85,2.21
53,Jalen Williams,OKC,8,31.1,24.0,4.5,4.0,1.3,0.3,1.6,52.6,77.8,0.10,1.27,-0.49,0.02,0.46,-0.74,-0.16,0.56,-0.09
54,Isaiah Hartenstein,OKC,12,26.8,11.6,9.3,3.7,1.0,1.4,0.0,61.4,68.2,0.08,-0.94,1.35,-0.13,-0.08,1.58,-1.70,1.20,-0.64
55,Anthony Davis,DAL/LAL,8,29.3,19.3,9.4,4.1,0.6,2.1,0.6,44.8,69.0,0.07,0.43,1.40,0.08,-0.90,3.00,-1.11,-0.95,-1.38
56,Darius Garland,CLE,13,32.1,18.6,4.2,6.9,1.2,0.1,2.4,45.0,85.3,0.06,0.31,-0.63,1.34,0.42,-1.08,0.56,-0.82,0.41
57,Devin Vassell,SAS,14,32.2,17.3,4.7,2.6,1.4,0.4,3.2,46.1,80.8,0.04,0.08,-0.41,-0.59,0.85,-0.38,1.35,-0.55,0.00
58,Brandin Podziemski,GSW,14,31.9,17.2,5.9,3.5,1.1,0.1,3.4,48.9,76.2,0.02,0.06,0.03,-0.21,0.23,-1.09,1.49,-0.09,-0.22
59,Andrew Wiggins,GSW/MIA,7,28.3,18.6,3.7,3.6,1.3,0.9,2.3,51.6,69.2,0.01,0.30,-0.80,-0.17,0.54,0.47,0.47,0.32,-1.01
60,Christian Braun,DEN,13,35.9,16.2,5.8,3.6,1.0,0.2,1.3,63.2,83.3,0.01,-0.12,0.00,-0.15,-0.08,-0.93,-0.46,1.64,0.22
61,Shaedon Sharpe,POR,13,34.8,23.3,6.3,3.3,1.4,0.2,2.4,46.1,74.2,0.01,1.15,0.21,-0.29,0.76,-0.93,0.56,-0.79,-0.58
62,Draymond Green,GSW,16,29.9,8.5,6.0,4.9,1.8,1.2,1.3,40.0,72.7,0.01,-1.48,0.09,0.44,1.55,1.13,-0.52,-0.80,-0.35
63,Jaren Jackson,MEM,14,31.9,20.5,4.9,1.6,1.0,1.0,2.3,45.3,83.3,0.00,0.65,-0.33,-1.08,-0.08,0.75,0.47,-0.85,0.48
64,Immanuel Quickley,TOR,7,25.9,16.4,3.9,7.0,1.1,0.1,2.9,39.8,89.5,0.00,-0.08,-0.75,1.37,0.23,-0.95,1.01,-1.58,0.75
65,Aaron Gordon,DEN,12,33.2,19.6,4.9,3.8,0.4,0.3,1.8,56.8,82.8,-0.03,0.48,-0.33,-0.06,-1.36,-0.57,-0.04,1.04,0.57
66,Toumani Camara,POR,13,32.3,14.8,5.3,2.6,1.5,0.6,2.8,47.7,60.0,-0.04,-0.37,-0.18,-0.61,1.09,-0.01,0.93,-0.23,-0.92
67,LaMelo Ball,CHA,4,30.5,21.0,2.8,8.3,0.5,0.0,3.0,41.1,92.3,-0.05,0.74,-1.18,1.94,-1.18,-1.24,1.15,-1.82,1.20
68,Mikal Bridges,NYK,17,33.9,18.1,3.1,4.7,0.8,0.4,1.6,52.3,92.1,-0.06,0.22,-1.03,0.34,-0.47,-0.53,-0.19,0.44,0.75
69,Scotty Pippen,MEM,13,26.3,13.6,3.7,5.4,1.4,0.5,1.8,51.2,74.3,-0.06,-0.57,-0.81,0.64,0.76,-0.32,-0.02,0.22,-0.40
70,Ja'Kobe Walter,TOR,8,28.3,13.1,4.3,3.1,1.5,0.3,2.6,40.5,100.0,-0.07,-0.66,-0.59,-0.38,1.01,-0.74,0.79,-1.07,1.10
71,Matas Buzelis,CHI,16,26.9,14.1,4.9,1.7,0.8,1.3,2.3,50.6,75.7,-0.08,-0.48,-0.32,-1.02,-0.49,1.38,0.43,0.16,-0.28
72,Davion Mitchell,MIA/TOR,15,32.1,11.5,2.9,6.0,1.7,0.3,1.3,50.0,79.3,-0.09,-0.94,-1.10,0.92,1.37,-0.57,-0.44,0.09,-0.07
73,Chet Holmgren,OKC,11,28.5,14.9,7.0,2.2,0.5,1.4,1.5,48.3,77.8,-0.09,-0.35,0.48,-0.80,-1.08,1.48,-0.24,-0.13,-0.11
74,Keegan Murray,SAC,13,32.9,13.0,6.3,1.4,0.8,1.2,2.5,46.1,85.7,-0.09,-0.68,0.21,-1.16,-0.42,1.06,0.71,-0.40,-0.05
75,Julius Randle,MIN,14,31.8,17.7,6.5,4.6,0.6,0.3,1.9,52.5,72.9,-0.10,0.15,0.28,0.31,-0.86,-0.67,0.13,0.45,-0.59
76,Brook Lopez,MIL,16,32.5,14.4,5.0,1.9,0.4,1.5,1.4,57.4,75.9,-0.11,-0.43,-0.30,-0.94,-1.31,1.75,-0.34,0.95,-0.25
77,Aaron Nesmith,IND,15,26.5,14.9,4.5,0.8,1.0,0.3,2.5,53.8,93.9,-0.11,-0.34,-0.48,-1.42,-0.08,-0.57,0.64,0.51,0.85
78,Anthony Black,ORL,14,26.1,12.1,4.1,3.1,1.4,1.0,1.2,46.4,84.6,-0.11,-0.85,-0.63,-0.37,0.85,0.75,-0.55,-0.32,0.20
79,Alperen Sengun,HOU,13,32.4,18.8,10.2,4.8,0.9,0.9,0.1,47.2,68.8,-0.12,0.34,1.70,0.37,-0.25,0.60,-1.63,-0.42,-1.63
80,Collin Sexton,UTA,11,27.5,20.3,2.0,4.0,1.2,0.1,1.6,52.8,80.4,-0.12,0.61,-1.47,0.02,0.31,-1.06,-0.15,0.54,0.20
81,Zach LaVine,CHI/SAC,15,36.9,22.1,3.1,3.9,0.3,0.0,3.5,49.8,83.3,-0.13,0.92,-1.03,-0.04,-1.54,-1.24,1.59,0.02,0.30
82,Keon Ellis,SAC,16,29.3,8.7,3.2,2.2,1.8,0.8,1.9,51.1,82.4,-0.13,-1.45,-1.01,-0.80,1.69,0.26,0.14,0.18,-0.03
83,Scottie Barnes,TOR,13,28.7,17.7,7.0,5.3,1.2,0.6,1.0,45.6,68.4,-0.13,0.15,0.48,0.61,0.42,-0.01,-0.75,-0.69,-1.26
84,Kel'el Ware,MIA,16,27.8,12.0,10.2,1.0,0.6,1.3,0.5,58.4,58.8,-0.14,-0.86,1.72,-1.33,-0.90,1.25,-1.23,0.99,-0.73
85,Zach Edey,MEM,14,24.2,9.6,10.4,1.4,0.5,1.6,0.1,59.3,73.5,-0.14,-1.28,1.78,-1.14,-1.18,1.89,-1.57,0.80,-0.43
86,Tobias Harris,DET,10,27.8,12.6,4.8,2.1,1.4,0.8,1.2,50.5,81.8,-0.14,-0.75,-0.38,-0.84,0.79,0.36,-0.56,0.15,0.10
87,Jordan Poole,WAS,13,23.3,18.2,1.6,3.5,0.6,0.2,3.2,49.4,91.4,-0.15,0.23,-1.62,-0.19,-0.92,-0.93,1.37,-0.01,0.89
88,Justin Champagnie,WAS,16,29.4,12.0,8.1,1.1,1.4,0.6,1.6,53.8,59.1,-0.15,-0.86,0.92,-1.28,0.74,-0.12,-0.22,0.49,-0.88
89,P.J. Washington,DAL,10,32.0,17.9,6.2,2.1,0.8,1.0,1.7,54.6,66.7,-0.15,0.19,0.17,-0.84,-0.52,0.75,-0.09,0.71,-1.60
90,Jrue Holiday,BOS,11,31.5,11.5,4.3,5.2,1.3,0.4,1.6,43.4,94.1,-0.15,-0.96,-0.58,0.55,0.51,-0.51,-0.15,-0.64,0.55
91,Spencer Dinwiddie,DAL,13,33.3,13.8,3.8,7.8,1.2,0.2,1.5,42.4,78.2,-0.16,-0.53,-0.75,1.75,0.25,-0.78,-0.31,-0.85,-0.06
92,Kevin Huerter,CHI/SAC,14,32.9,14.5,3.2,4.0,1.0,0.4,2.8,49.7,66.7,-0.17,-0.42,-1.00,0.02,-0.08,-0.53,0.94,0.04,-0.31
93,Payton Pritchard,BOS,14,30.4,15.6,4.5,4.0,0.9,0.1,2.9,48.8,78.6,-0.18,-0.21,-0.49,0.02,-0.40,-1.09,1.01,-0.09,-0.14
94,Kevin Porter,LAC/MIL,16,23.4,13.4,4.9,4.3,1.3,0.0,1.1,48.0,87.9,-0.18,-0.61,-0.35,0.13,0.46,-1.24,-0.63,-0.13,0.91
95,Jared Butler,PHI/WAS,16,28.1,13.5,2.3,5.4,1.5,0.3,1.9,42.3,89.7,-0.19,-0.60,-1.37,0.64,1.01,-0.74,0.08,-0.96,0.45
96,Kyle Filipowski,UTA,15,26.9,13.7,8.5,1.9,0.9,0.8,1.5,47.6,68.8,-0.19,-0.55,1.07,-0.94,-0.23,0.36,-0.31,-0.23,-0.69
97,Alex Sarr,WAS,17,27.5,16.2,5.9,2.8,0.7,1.4,1.8,40.1,79.6,-0.19,-0.12,0.07,-0.54,-0.73,1.46,-0.03,-1.66,0.01
98,Justin Edwards,PHI,12,31.3,15.0,4.3,2.0,1.6,0.5,2.1,46.7,68.4,-0.19,-0.33,-0.59,-0.88,1.19,-0.24,0.28,-0.40,-0.57
99,Harrison Barnes,SAS,17,26.3,14.5,3.4,1.6,0.9,0.1,2.5,51.9,95.0,-0.20,-0.41,-0.92,-1.07,-0.21,-1.00,0.70,0.29,0.99
100,Brice Sensabaugh,UTA,15,25.5,14.2,4.1,2.2,0.9,0.2,3.3,47.7,82.6,-0.20,-0.47,-0.64,-0.79,-0.23,-0.84,1.46,-0.18,0.05
101,Jabari Smith,HOU,12,28.0,13.8,8.5,1.3,0.8,0.2,1.9,48.8,85.2,-0.21,-0.54,1.06,-1.22,-0.45,-0.90,0.12,-0.06,0.32
102,Ausar Thompson,DET,14,25.4,11.8,5.6,2.4,1.4,1.1,0.2,49.6,74.4,-0.22,-0.90,-0.05,-0.69,0.70,1.04,-1.50,0.05,-0.42
103,Cason Wallace,OKC,11,28.9,10.5,3.1,2.5,1.9,0.4,1.2,53.8,71.4,-0.23,-1.12,-1.04,-0.64,1.90,-0.51,-0.58,0.46,-0.28
104,Russell Westbrook,DEN,15,28.3,14.3,4.5,6.5,1.5,0.5,1.2,39.6,72.1,-0.23,-0.46,-0.48,1.13,1.08,-0.31,-0.56,-1.46,-0.76
105,Stephon Castle,SAS,17,31.0,18.6,5.6,6.5,0.8,0.4,1.2,42.6,74.5,-0.24,0.32,-0.07,1.13,-0.47,-0.42,-0.53,-1.19,-0.66
106,Donovan Clingan,POR,14,27.1,8.5,10.4,1.7,0.7,1.7,0.4,51.1,54.8,-0.24,-1.48,1.81,-1.01,-0.71,2.18,-1.30,0.18,-1.57
107,Jalen Duren,DET,14,26.7,13.1,10.1,3.4,0.4,1.0,0.0,66.7,61.0,-0.24,-0.66,1.70,-0.24,-1.33,0.75,-1.70,1.62,-2.09
108,Guerschon Yabusele,PHI,9,30.3,14.9,6.2,2.9,1.1,0.2,1.7,52.0,68.0,-0.25,-0.35,0.18,-0.48,0.16,-0.79,-0.12,0.34,-0.90
109,Jalen Green,HOU,15,31.5,20.4,4.9,4.1,0.9,0.4,2.5,41.2,75.0,-0.25,0.63,-0.35,0.05,-0.38,-0.44,0.70,-1.71,-0.47
110,Isaiah Collier,UTA,12,30.3,13.2,4.0,6.8,1.3,0.3,0.9,44.9,75.0,-0.25,-0.65,-0.69,1.26,0.46,-0.57,-0.83,-0.54,-0.41
111,Al Horford,BOS,8,29.0,12.0,7.8,2.8,0.4,0.6,2.4,44.3,87.5,-0.25,-0.86,0.77,-0.55,-1.45,0.01,0.55,-0.56,0.11
112,Kai Jones,DAL/LAC,11,20.5,10.5,6.5,1.4,0.8,0.8,0.1,82.5,68.8,-0.25,-1.12,0.27,-1.17,-0.48,0.39,-1.62,2.25,-0.53
113,Jalen Brunson,NYK,4,34.3,21.0,1.5,5.8,0.5,0.5,3.0,43.5,75.0,-0.25,0.74,-1.66,0.81,-1.18,-0.24,1.15,-1.09,-0.55
114,Jonathan Mogbo,TOR,14,29.2,9.1,7.8,4.7,1.2,0.6,0.2,41.7,83.3,-0.26,-1.37,0.78,0.34,0.38,0.04,-1.50,-0.82,0.04
115,Jacob Toppin,ATL/NYK,1,27.0,17.0,4.0,2.0,0.0,0.0,5.0,50.0,0.0,-0.26,0.03,-0.69,-0.88,-2.27,-1.24,3.05,0.08,-0.18
116,Isaiah Stewart,DET,11,20.5,7.3,5.5,1.8,0.6,1.6,0.5,65.4,77.8,-0.27,-1.70,-0.12,-0.97,-0.88,2.02,-1.27,0.95,-0.17
117,Malik Monk,SAC,10,26.2,15.4,3.3,4.1,0.6,0.4,2.2,45.1,88.0,-0.28,-0.26,-0.96,0.06,-0.96,-0.44,0.39,-0.61,0.58
118,Chris Paul,SAS,17,26.5,8.9,3.6,5.6,1.1,0.5,1.6,46.0,80.0,-0.28,-1.41,-0.83,0.74,0.04,-0.18,-0.19,-0.24,-0.14
119,Jeff Dowtin,PHI,7,24.4,13.9,1.7,2.7,1.3,0.9,1.3,49.3,77.8,-0.29,-0.53,-1.58,-0.56,0.54,0.47,-0.48,0.00,-0.14
120,Pascal Siakam,IND,13,31.9,17.1,5.5,3.6,0.8,0.8,1.1,48.4,65.0,-0.29,0.04,-0.09,-0.15,-0.42,0.45,-0.68,-0.20,-1.23
121,Luguentz Dort,OKC,10,29.3,11.4,4.0,1.6,1.1,0.4,3.0,50.6,0.0,-0.29,-0.97,-0.69,-1.06,0.13,-0.44,1.15,0.15,-0.61
122,Tari Eason,HOU,12,24.8,11.3,6.5,1.8,1.3,0.8,0.9,47.9,70.6,-0.30,-0.99,0.28,-0.96,0.46,0.26,-0.83,-0.15,-0.44
123,Alex Caruso,OKC,12,20.0,8.9,3.8,2.7,1.5,0.7,1.0,46.8,82.1,-0.30,-1.41,-0.75,-0.58,1.01,0.09,-0.75,-0.14,0.14
124,Ochai Agbaji,TOR,10,28.3,12.8,4.4,1.7,1.3,0.2,2.0,47.2,100.0,-0.30,-0.72,-0.53,-1.02,0.57,-0.84,0.20,-0.26,0.20
125,Matisse Thybulle,POR,15,20.7,7.5,3.5,1.9,2.2,0.6,1.4,47.7,46.7,-0.31,-1.67,-0.90,-0.94,2.54,-0.04,-0.37,-0.05,-1.04
126,Keon Johnson,BKN,15,27.0,14.1,4.2,3.2,1.1,0.3,2.3,44.4,75.8,-0.31,-0.48,-0.61,-0.34,0.06,-0.71,0.51,-0.65,-0.27
127,DeMar DeRozan,SAC,16,36.2,22.4,3.5,5.8,0.3,0.6,1.1,43.8,79.2,-0.31,0.98,-0.88,0.84,-1.59,-0.12,-0.63,-1.28,0.18
128,Tristan Vukcevic,WAS,14,21.6,14.4,5.0,1.5,0.4,1.1,1.6,51.0,77.5,-0.32,-0.43,-0.30,-1.11,-1.49,0.90,-0.14,0.21,-0.16
129,Dillon Brooks,HOU,12,30.3,15.2,2.8,1.8,0.9,0.3,2.7,48.2,87.5,-0.32,-0.30,-1.18,-0.96,-0.27,-0.74,0.83,-0.16,0.20
130,Fred VanVleet,HOU,12,35.7,13.8,2.7,5.0,1.2,0.4,2.8,35.4,77.1,-0.32,-0.55,-1.21,0.47,0.28,-0.41,0.99,-1.99,-0.19
131,Donte DiVincenzo,MIN,13,23.4,11.8,3.3,3.2,1.0,0.4,2.8,44.1,71.4,-0.33,-0.89,-0.96,-0.36,-0.08,-0.47,1.00,-0.58,-0.27
132,Kelly Olynyk,NOP/TOR,11,25.5,11.0,4.7,3.7,1.1,0.5,0.6,53.1,75.7,-0.33,-1.04,-0.41,-0.10,0.11,-0.15,-1.10,0.36,-0.32
133,Aaron Wiggins,OKC,10,25.7,16.0,4.4,2.6,0.8,0.1,2.1,46.8,84.0,-0.33,-0.15,-0.53,-0.61,-0.52,-1.04,0.29,-0.39,0.30
134,Keyonte George,UTA,14,31.6,16.6,3.7,4.6,0.6,0.0,2.4,37.9,90.0,-0.34,-0.05,-0.80,0.28,-1.02,-1.24,0.60,-1.82,1.36
135,Isaiah Joe,OKC,15,25.7,13.6,3.2,2.1,0.6,0.0,3.5,48.2,93.8,-0.35,-0.58,-1.00,-0.85,-0.96,-1.24,1.66,-0.10,0.31
136,Dorian Finney-Smith,BKN/LAL,15,30.9,10.4,3.8,1.9,0.9,0.5,2.8,47.7,66.7,-0.35,-1.15,-0.77,-0.94,-0.23,-0.17,0.96,-0.09,-0.42
137,Keldon Johnson,SAS,15,25.1,13.5,5.9,2.1,0.9,0.6,1.0,47.0,80.6,-0.35,-0.60,0.06,-0.85,-0.38,-0.04,-0.75,-0.30,0.04
138,Jaylen Brown,BOS,8,26.1,16.4,4.3,3.1,0.4,0.3,1.8,50.5,82.1,-0.35,-0.09,-0.59,-0.38,-1.45,-0.74,-0.04,0.15,0.30
139,Brandon Williams,DAL,8,21.1,12.3,2.5,3.3,1.3,0.4,0.6,51.5,83.3,-0.36,-0.82,-1.27,-0.32,0.46,-0.49,-1.11,0.24,0.46
140,Anfernee Simons,POR,7,32.0,18.7,2.1,4.4,0.9,0.0,3.0,39.0,85.7,-0.36,0.33,-1.41,0.21,-0.40,-1.24,1.15,-2.08,0.54
141,Lonnie Walker,PHI,10,28.6,16.5,3.0,3.1,0.6,0.2,2.9,46.2,77.8,-0.37,-0.06,-1.08,-0.39,-0.96,-0.84,1.05,-0.50,-0.15
142,Naji Marshall,DAL,14,33.4,16.1,5.4,3.8,0.8,0.2,0.6,54.1,70.5,-0.37,-0.13,-0.16,-0.08,-0.55,-0.81,-1.09,0.65,-0.77
143,Wendell Carter,ORL,13,26.2,10.2,7.0,1.2,0.8,1.0,0.9,48.1,73.1,-0.37,-1.18,0.48,-1.27,-0.42,0.75,-0.83,-0.08,-0.41
144,Jamal Shead,TOR,14,26.1,10.9,2.4,6.4,1.6,0.1,1.4,37.2,78.6,-0.37,-1.06,-1.30,1.08,1.32,-1.09,-0.35,-1.48,-0.10
145,Jaylin Williams,OKC,11,17.9,8.1,6.2,3.1,0.5,0.5,1.8,53.7,73.3,-0.38,-1.55,0.16,-0.39,-1.08,-0.15,0.02,0.32,-0.33
146,Karlo Matkovic,NOP,13,21.5,11.3,5.9,1.4,0.7,0.7,0.6,61.0,73.3,-0.38,-0.98,0.06,-1.16,-0.76,0.14,-1.12,1.11,-0.31
147,Ty Jerome,CLE,9,22.3,16.8,1.6,3.9,0.6,0.2,2.0,57.8,68.2,-0.38,-0.01,-1.64,-0.03,-1.06,-0.79,0.20,1.10,-0.80
148,Jarrett Allen,CLE,16,25.6,12.9,7.8,1.8,0.8,0.6,0.0,72.5,60.4,-0.38,-0.71,0.79,-0.97,-0.63,-0.12,-1.70,2.04,-1.74
149,Keaton Wallace,ATL,3,15.3,5.7,4.0,6.3,2.0,0.3,0.3,33.3,0.0,-0.39,-1.99,-0.69,1.07,2.10,-0.57,-1.39,-1.44,-0.18
150,Bennedict Mathurin,IND,13,27.3,16.2,5.2,1.8,1.0,0.2,1.0,41.8,83.3,-0.39,-0.12,-0.24,-0.99,-0.08,-0.93,-0.75,-0.98,1.01
151,Jared Rhoden,CHA/TOR,4,17.0,11.8,3.0,2.0,0.8,0.0,1.0,66.7,100.0,-0.39,-0.91,-1.08,-0.88,-0.63,-1.24,-0.75,1.40,0.94
152,De'Andre Hunter,ATL/CLE,14,25.3,14.1,4.0,1.4,1.1,0.3,2.1,46.8,76.9,-0.40,-0.49,-0.69,-1.17,0.07,-0.67,0.27,-0.33,-0.20
153,Trevelin Queen,ORL,3,15.0,10.3,3.0,1.7,1.3,0.0,2.0,57.9,75.0,-0.41,-1.16,-1.08,-1.03,0.64,-1.24,0.20,0.68,-0.26
154,Miles McBride,NYK,9,28.7,11.4,2.8,4.0,1.4,0.2,2.2,38.5,75.0,-0.41,-0.96,-1.16,0.02,0.89,-0.79,0.41,-1.46,-0.21
155,Nic Claxton,BKN,12,25.5,10.9,6.9,2.1,0.8,1.1,0.3,63.4,40.9,-0.41,-1.05,0.45,-0.85,-0.63,0.92,-1.39,1.30,-2.04
156,Bradley Beal,PHX,6,28.7,12.3,2.5,3.5,1.5,0.5,1.7,41.4,66.7,-0.42,-0.80,-1.27,-0.21,1.01,-0.24,-0.12,-1.07,-0.62
157,Kentavious Caldwell-Pope,ORL,13,26.5,9.2,2.6,1.9,1.2,0.3,2.1,51.9,84.6,-0.42,-1.35,-1.23,-0.92,0.25,-0.62,0.27,0.24,0.03
158,Walker Kessler,UTA,8,27.4,8.0,11.3,1.9,0.6,1.8,0.5,37.8,33.3,-0.44,-1.57,2.13,-0.94,-0.90,2.25,-1.23,-1.21,-2.02
159,Oscar Tshiebwe,UTA,7,22.1,9.7,10.0,0.9,1.0,0.1,0.0,57.4,73.7,-0.44,-1.27,1.64,-1.40,-0.08,-0.95,-1.70,0.68,-0.45
160,Miles Bridges,CHA,12,28.3,15.8,6.0,3.8,0.3,0.5,1.6,37.3,88.9,-0.44,-0.20,0.09,-0.06,-1.54,-0.24,-0.20,-2.19,0.80
161,Bub Carrington,WAS,17,32.5,11.9,4.8,6.1,0.4,0.5,1.9,39.5,72.7,-0.44,-0.88,-0.37,0.95,-1.37,-0.30,0.09,-1.31,-0.34
162,Mitchell Robinson,NYK,11,18.4,5.5,6.9,0.9,0.8,1.4,0.0,65.0,64.3,-0.44,-2.01,0.44,-1.38,-0.48,1.48,-1.70,0.74,-0.64
163,Julian Champagnie,SAS,17,25.3,11.3,4.3,1.7,0.6,0.5,2.6,40.7,89.7,-0.44,-0.99,-0.58,-1.02,-0.98,-0.30,0.76,-0.86,0.41
164,Bogdan Bogdanovic,ATL/LAC,15,23.2,10.3,2.9,3.4,0.8,0.1,2.0,50.4,91.7,-0.44,-1.16,-1.13,-0.25,-0.52,-0.97,0.20,0.14,0.14
165,Taurean Prince,MIL,16,28.9,8.7,2.9,1.6,1.4,0.4,1.6,49.5,76.5,-0.45,-1.45,-1.13,-1.08,0.87,-0.49,-0.16,0.07,-0.20
166,Collin Gillespie,PHX,15,22.7,8.9,3.9,3.6,1.1,0.2,2.0,40.5,81.8,-0.45,-1.42,-0.74,-0.16,0.21,-0.84,0.20,-0.75,-0.09
167,Ryan Dunn,PHX,15,26.2,10.8,5.7,0.7,1.2,0.5,1.9,43.5,50.0,-0.45,-1.07,-0.02,-1.48,0.35,-0.17,0.13,-0.64,-0.69
168,Sam Hauser,BOS,14,26.3,12.0,3.5,0.9,0.6,0.2,3.2,48.8,100.0,-0.45,-0.86,-0.88,-1.40,-1.02,-0.81,1.35,-0.03,0.05
169,Day'Ron Sharpe,BKN,6,21.8,7.3,8.2,2.7,0.7,0.8,0.2,50.0,50.0,-0.45,-1.69,0.93,-0.58,-0.81,0.42,-1.55,0.10,-0.44
170,Keion Brooks,NOP,12,26.8,11.5,4.6,1.0,0.8,0.8,1.2,48.6,76.9,-0.45,-0.95,-0.46,-1.33,-0.45,0.42,-0.60,-0.05,-0.20
171,Obi Toppin,IND,17,21.4,12.8,4.2,1.9,0.4,0.5,2.3,51.9,69.6,-0.46,-0.73,-0.62,-0.94,-1.37,-0.30,0.48,0.29,-0.47
172,Kyle Anderson,GSW/MIA,13,23.3,9.2,4.4,3.2,0.8,0.7,0.3,52.7,85.0,-0.46,-1.37,-0.54,-0.36,-0.59,0.14,-1.41,0.32,0.15
173,Ryan Rollins,MIL,15,21.7,9.8,2.7,3.5,0.9,0.3,1.5,52.9,76.2,-0.46,-1.25,-1.18,-0.19,-0.23,-0.71,-0.25,0.33,-0.22
174,Tosan Evbuomwan,BKN,7,23.4,9.9,5.0,3.1,1.1,0.4,1.1,41.1,75.0,-0.47,-1.24,-0.30,-0.37,0.23,-0.38,-0.62,-0.73,-0.36
175,Ziaire Williams,BKN,11,24.6,10.5,3.5,0.9,1.1,0.5,2.2,42.9,77.8,-0.47,-1.12,-0.87,-1.38,0.11,-0.15,0.37,-0.59,-0.15
176,Naz Reid,MIN,13,24.9,11.7,5.3,2.5,0.6,0.5,1.5,45.1,75.0,-0.48,-0.92,-0.18,-0.64,-0.92,-0.16,-0.24,-0.49,-0.26
177,Kris Dunn,LAC,14,24.3,7.9,2.9,1.9,1.3,0.3,1.6,48.8,100.0,-0.48,-1.60,-1.11,-0.92,0.54,-0.67,-0.21,0.02,0.09
178,Marcus Bagley,PHI,10,25.2,6.7,7.0,1.0,0.9,1.2,0.5,39.1,80.0,-0.49,-1.80,0.48,-1.33,-0.30,1.15,-1.23,-0.76,-0.10
179,Jake LaRavia,MEM/SAC,5,22.2,9.2,2.8,1.4,1.4,0.2,1.4,53.3,77.8,-0.49,-1.36,-1.16,-1.15,0.79,-0.84,-0.37,0.33,-0.15
180,Moses Moody,GSW,16,26.3,9.4,2.8,1.6,1.4,0.5,1.6,39.0,87.0,-0.49,-1.32,-1.15,-1.08,0.87,-0.24,-0.22,-0.99,0.21
181,Gary Trent,MIL,16,28.2,13.2,2.1,1.4,1.0,0.1,2.9,41.4,85.7,-0.49,-0.65,-1.42,-1.17,-0.08,-1.11,1.09,-0.92,0.34
182,RayJ Dennis,IND,3,16.0,7.7,2.0,3.0,1.3,0.7,1.7,39.1,0.0,-0.50,-1.63,-1.47,-0.43,0.64,0.09,-0.12,-0.86,-0.18
183,Marcus Garrett,CHA,2,20.5,9.5,2.0,2.5,1.5,0.5,1.0,53.3,50.0,-0.50,-1.30,-1.47,-0.66,1.01,-0.24,-0.75,0.39,-0.94
184,Colby Jones,SAC/WAS,14,27.5,9.4,4.6,2.6,1.4,0.4,0.9,46.6,65.7,-0.50,-1.33,-0.47,-0.59,0.85,-0.38,-0.89,-0.19,-0.98
185,Luke Kornet,BOS,14,21.6,9.4,6.6,1.6,0.4,1.0,0.0,67.4,60.0,-0.50,-1.32,0.34,-1.08,-1.49,0.75,-1.70,1.38,-0.87
186,Nickeil Alexander-Walker,MIN,14,25.7,9.9,4.1,3.7,0.5,0.6,1.4,41.7,82.9,-0.50,-1.24,-0.66,-0.11,-1.18,0.04,-0.41,-0.64,0.22
187,Kyle Kuzma,MIL/WAS,17,30.3,15.1,4.4,2.4,0.6,0.5,1.8,47.8,65.2,-0.50,-0.31,-0.55,-0.70,-0.98,-0.18,0.03,-0.23,-1.09
188,CJ McCollum,NOP,6,26.7,17.0,4.0,4.5,1.3,0.0,2.3,40.8,53.3,-0.50,0.03,-0.69,0.24,0.64,-1.24,0.51,-1.67,-1.85
189,Jaden McDaniels,MIN,14,28.9,10.2,4.6,1.7,0.7,1.1,0.7,45.8,72.2,-0.51,-1.18,-0.44,-1.01,-0.71,1.04,-1.03,-0.36,-0.36
190,Johnny Juzang,UTA,15,24.8,12.0,2.9,1.6,1.0,0.1,2.4,44.4,100.0,-0.51,-0.86,-1.10,-1.06,-0.08,-1.10,0.58,-0.57,0.16
191,Santi Aldama,MEM,12,27.8,11.7,5.2,3.2,0.8,0.0,2.0,46.3,66.7,-0.51,-0.92,-0.24,-0.36,-0.45,-1.24,0.20,-0.29,-0.77
192,Max Christie,DAL/LAL,14,27.7,10.8,4.4,1.6,0.9,0.3,1.4,43.9,86.1,-0.51,-1.08,-0.52,-1.04,-0.40,-0.67,-0.35,-0.48,0.46
193,Reed Sheppard,HOU,7,16.9,7.9,2.1,3.0,1.0,0.3,2.4,44.2,0.0,-0.51,-1.60,-1.41,-0.43,-0.08,-0.67,0.60,-0.31,-0.18
194,Zaccharie Risacher,ATL,15,24.9,16.1,3.1,1.2,0.3,0.5,2.2,51.6,70.0,-0.52,-0.13,-1.05,-1.24,-1.54,-0.31,0.39,0.31,-0.58
195,Peyton Watson,DEN,14,28.1,9.3,4.1,1.2,0.4,2.1,0.6,50.5,56.7,-0.52,-1.34,-0.63,-1.24,-1.49,2.89,-1.09,0.14,-1.41
196,Gary Payton,GSW,9,18.4,7.4,3.3,1.4,1.6,0.2,0.8,57.7,0.0,-0.52,-1.67,-0.95,-1.13,1.13,-0.79,-0.97,0.62,-0.42
197,Bruce Brown,NOP/TOR,11,27.3,11.4,4.9,2.7,0.5,0.5,1.2,47.1,73.7,-0.53,-0.97,-0.34,-0.56,-1.08,-0.15,-0.58,-0.23,-0.35
198,Rui Hachimura,LAL,9,29.3,12.2,3.8,0.9,0.6,0.2,2.0,52.6,80.0,-0.54,-0.82,-0.78,-1.38,-1.06,-0.79,0.20,0.35,-0.05
199,Daniel Gafford,DAL,6,18.7,12.3,6.3,1.2,0.3,1.0,0.0,73.2,60.9,-0.54,-0.80,0.22,-1.26,-1.54,0.75,-1.70,1.92,-1.93
200,Vit Krejci,ATL,15,19.7,7.9,3.0,2.4,0.5,0.3,1.8,65.1,83.3,-0.55,-1.58,-1.08,-0.70,-1.25,-0.57,0.01,0.84,-0.04
201,Caris LeVert,ATL/CLE,12,25.1,13.3,3.5,3.3,0.8,0.5,1.4,44.6,68.4,-0.55,-0.64,-0.88,-0.28,-0.45,-0.24,-0.36,-0.59,-0.96
202,Kyshawn George,WAS,9,22.6,10.0,4.3,2.9,1.1,0.2,1.6,42.9,66.7,-0.55,-1.22,-0.56,-0.48,0.16,-0.79,-0.23,-0.61,-0.67
203,Chuma Okeke,CLE/PHI,8,24.3,6.6,5.8,1.9,0.6,0.5,1.4,50.0,66.7,-0.56,-1.81,-0.01,-0.94,-0.90,-0.24,-0.40,0.11,-0.29
204,Max Strus,CLE,13,26.8,10.6,4.4,3.3,0.2,0.2,2.2,51.5,63.6,-0.56,-1.11,-0.54,-0.29,-1.76,-0.93,0.42,0.23,-0.50
205,Mike Conley,MIN,13,24.7,7.7,2.5,4.6,0.8,0.2,1.5,43.0,80.0,-0.56,-1.63,-1.26,0.30,-0.42,-0.78,-0.24,-0.38,-0.09
206,Jamison Battle,TOR,15,27.8,10.7,4.1,1.3,0.7,0.1,2.8,41.0,100.0,-0.57,-1.10,-0.66,-1.21,-0.67,-0.97,0.96,-0.87,-0.01
207,Brandon Clarke,MEM,3,14.7,9.0,3.7,1.0,0.7,0.3,0.0,75.0,100.0,-0.57,-1.39,-0.82,-1.33,-0.81,-0.57,-1.70,1.64,0.46
208,Jock Landale,HOU,7,17.4,9.1,4.1,1.4,0.9,0.1,0.7,71.8,60.0,-0.57,-1.37,-0.63,-1.14,-0.40,-0.95,-1.03,1.50,-0.53
209,Yves Missi,NOP,10,25.7,11.2,9.7,1.7,0.2,1.3,0.0,56.4,57.1,-0.57,-1.00,1.53,-1.02,-1.83,1.35,-1.70,0.67,-2.54
210,Cam Whitmore,HOU,7,16.1,11.7,2.9,1.3,0.4,0.1,1.7,60.4,85.7,-0.57,-0.91,-1.13,-1.21,-1.33,-0.95,-0.07,1.00,0.06
211,Jose Alvarado,NOP,13,26.8,12.0,2.5,4.8,1.0,0.2,1.8,35.4,80.0,-0.57,-0.86,-1.26,0.37,-0.08,-0.78,0.05,-1.96,-0.03
212,Marcus Sasser,DET,9,19.1,11.1,1.8,3.0,0.9,0.0,1.7,45.9,85.0,-0.58,-1.02,-1.55,-0.43,-0.33,-1.24,-0.12,-0.29,0.30
213,Tyrese Martin,BKN,12,25.1,9.6,3.8,3.5,0.8,0.1,1.8,40.6,85.7,-0.59,-1.29,-0.75,-0.21,-0.63,-1.07,-0.04,-0.82,0.10
214,Malik Beasley,DET,15,29.7,16.1,2.0,1.8,0.5,0.1,3.9,38.8,79.3,-0.59,-0.14,-1.47,-0.97,-1.25,-1.10,1.97,-1.69,-0.07
215,Jeremy Sochan,SAS,9,26.3,11.8,5.2,2.0,0.8,0.4,0.4,48.9,72.7,-0.59,-0.90,-0.21,-0.88,-0.57,-0.35,-1.28,-0.04,-0.49
216,Tyus Jones,PHX,15,21.1,9.5,2.3,3.3,0.9,0.1,1.9,44.7,100.0,-0.59,-1.31,-1.34,-0.28,-0.38,-1.10,0.13,-0.40,-0.05
217,Andrew Nembhard,IND,16,29.0,9.6,3.8,4.7,0.8,0.2,0.8,43.5,77.8,-0.60,-1.29,-0.76,0.33,-0.49,-0.86,-0.99,-0.56,-0.15
218,Trendon Watford,BKN,15,25.5,12.9,4.1,3.4,0.5,0.3,0.8,50.7,71.7,-0.60,-0.70,-0.66,-0.25,-1.10,-0.57,-0.94,0.17,-0.72
219,Dennis Schroder,BKN/DET/GSW,14,29.9,11.8,2.8,6.0,0.6,0.1,1.1,35.8,83.9,-0.60,-0.90,-1.16,0.92,-1.02,-1.09,-0.69,-1.52,0.65
220,Tim Hardaway,DET,14,26.9,13.3,2.0,1.4,0.3,0.1,2.6,42.6,96.7,-0.61,-0.63,-1.47,-1.17,-1.64,-0.95,0.81,-0.78,0.99
221,Reece Beekman,BKN/GSW,8,21.4,4.8,2.3,3.6,1.8,0.0,0.3,35.1,100.0,-0.61,-2.15,-1.37,-0.15,1.55,-1.24,-1.47,-0.68,0.62
222,KJ Simpson,CHA,13,28.7,9.1,3.3,4.0,1.2,0.2,1.3,36.0,84.6,-0.61,-1.38,-0.96,0.02,0.25,-0.93,-0.46,-1.46,0.03
223,D'Angelo Russell,BKN/LAL,7,25.1,11.3,3.0,5.3,1.0,0.1,2.0,31.6,75.0,-0.62,-0.99,-1.08,0.60,-0.08,-0.95,0.20,-2.30,-0.36
224,Antonio Reeves,NOP,14,24.4,12.4,2.0,1.1,0.8,0.1,2.1,48.5,77.3,-0.63,-0.79,-1.47,-1.27,-0.55,-0.95,0.27,-0.08,-0.18
225,Jarace Walker,IND,16,17.8,8.7,3.6,1.8,0.5,0.3,1.8,51.5,87.5,-0.63,-1.45,-0.84,-0.97,-1.18,-0.74,-0.04,0.21,-0.04
226,Lauri Markkanen,UTA,2,25.0,16.0,1.5,1.5,0.0,0.5,2.5,42.9,100.0,-0.63,-0.15,-1.66,-1.11,-2.27,-0.24,0.67,-1.08,0.78
227,Sam Merrill,CLE,14,21.3,6.8,2.9,2.1,1.1,0.3,1.9,39.1,0.0,-0.63,-1.79,-1.13,-0.82,0.07,-0.67,0.13,-0.68,-0.18
228,Jeremiah Robinson-Earl,NOP,15,23.4,8.4,6.1,2.0,0.7,0.0,1.1,46.2,86.7,-0.63,-1.50,0.11,-0.88,-0.81,-1.24,-0.63,-0.21,0.08
229,Terance Mann,ATL/LAC,15,22.5,10.1,3.1,1.5,0.9,0.1,1.0,53.4,86.7,-0.64,-1.19,-1.05,-1.09,-0.38,-1.10,-0.75,0.40,0.08
230,Jusuf Nurkic,CHA/PHX,15,19.1,10.4,6.1,2.5,0.5,0.7,0.7,49.6,60.0,-0.64,-1.15,0.11,-0.67,-1.25,0.09,-1.01,0.06,-1.30
231,Sandro Mamukelashvili,SAS,17,17.4,10.2,4.9,1.4,0.4,0.2,1.5,50.0,78.3,-0.65,-1.17,-0.32,-1.18,-1.50,-0.77,-0.25,0.10,-0.14
232,Jaime Jaquez,MIA,12,17.3,8.4,4.2,2.8,0.7,0.3,0.5,52.5,73.3,-0.66,-1.50,-0.62,-0.55,-0.81,-0.57,-1.23,0.29,-0.32
233,Nick Richards,CHA/PHX,11,21.6,8.5,6.5,0.5,0.3,0.6,0.0,56.3,87.5,-0.67,-1.47,0.27,-1.58,-1.67,0.03,-1.70,0.57,0.24
234,Elfrid Payton,CHA/NOP,11,22.3,2.9,3.8,8.9,0.7,0.5,0.1,25.5,60.0,-0.67,-2.47,-0.76,2.23,-0.68,-0.33,-1.62,-1.31,-0.40
235,Oso Ighodaro,PHX,15,25.0,6.2,5.1,1.9,0.6,0.6,0.0,61.4,70.0,-0.67,-1.89,-0.27,-0.91,-0.96,-0.04,-1.70,0.72,-0.32
236,Norman Powell,LAC,14,31.4,15.1,2.1,1.7,0.9,0.1,2.0,43.8,71.4,-0.67,-0.30,-1.44,-1.01,-0.24,-1.09,0.20,-0.83,-0.67
237,Haywood Highsmith,MIA,15,26.8,6.7,4.5,2.1,0.9,0.3,1.3,41.8,57.1,-0.68,-1.81,-0.48,-0.85,-0.23,-0.71,-0.44,-0.47,-0.44
238,Dalen Terry,CHI,14,18.1,6.7,2.9,1.9,1.1,0.1,1.1,43.8,90.0,-0.69,-1.80,-1.13,-0.92,0.23,-0.95,-0.69,-0.31,0.07
239,Buddy Hield,GSW,16,20.7,9.3,3.1,1.1,0.7,0.1,2.1,41.1,100.0,-0.69,-1.34,-1.05,-1.31,-0.77,-0.99,0.32,-0.70,0.34
240,Cory Joseph,ORL,13,21.2,6.4,2.9,2.7,1.0,0.0,1.5,41.8,88.9,-0.69,-1.86,-1.11,-0.57,-0.08,-1.24,-0.31,-0.38,0.04
241,Bobi Klintman,DET,2,12.5,7.5,1.5,3.0,1.0,0.0,1.0,75.0,50.0,-0.69,-1.66,-1.66,-0.43,-0.08,-1.24,-0.75,1.26,-0.94
242,Cole Anthony,ORL,7,14.9,6.7,2.7,2.3,0.4,0.7,1.3,41.7,88.9,-0.69,-1.80,-1.19,-0.75,-1.33,0.19,-0.48,-0.39,0.24
243,Isaiah Mobley,PHI,1,17.0,6.0,4.0,5.0,1.0,1.0,1.0,28.6,50.0,-0.70,-1.93,-0.69,0.47,-0.08,0.75,-0.75,-1.63,-1.70
244,Patrick Williams,CHI,16,22.6,8.9,3.2,1.9,0.8,0.3,1.4,46.6,62.5,-0.70,-1.40,-1.01,-0.94,-0.49,-0.61,-0.34,-0.19,-0.59
245,Quenton Jackson,IND,7,14.1,7.6,1.7,1.9,1.3,0.0,0.7,47.1,84.2,-0.70,-1.65,-1.58,-0.95,0.54,-1.24,-1.03,-0.06,0.35
246,Derrick Jones,LAC,15,22.5,8.8,3.1,0.7,0.7,0.7,1.0,53.1,68.2,-0.70,-1.43,-1.03,-1.45,-0.81,0.09,-0.75,0.33,-0.55
247,Jalen Wilson,BKN,14,24.7,11.4,4.0,2.1,0.4,0.1,2.4,40.2,75.8,-0.70,-0.96,-0.69,-0.85,-1.49,-0.95,0.54,-0.94,-0.28
248,N'Faly Dante,HOU,3,10.7,4.7,4.0,0.3,0.3,1.0,0.0,85.7,100.0,-0.71,-2.16,-0.69,-1.64,-1.54,0.75,-1.70,1.08,0.24
249,Klay Thompson,DAL,12,25.8,12.2,2.5,1.3,0.4,0.2,2.5,41.4,90.9,-0.71,-0.83,-1.27,-1.18,-1.36,-0.90,0.67,-0.97,0.17
250,Trey Lyles,SAC,15,24.5,8.1,5.2,1.5,0.7,0.2,1.2,45.7,73.1,-0.71,-1.56,-0.22,-1.12,-0.81,-0.84,-0.56,-0.20,-0.38
251,Drew Timme,BKN,9,28.2,12.1,7.2,2.2,0.4,0.1,1.0,44.1,62.5,-0.72,-0.84,0.56,-0.78,-1.30,-1.02,-0.75,-0.69,-0.91
252,Trey Murphy,NOP,2,19.0,10.0,3.0,1.5,0.0,0.5,2.0,43.8,100.0,-0.72,-1.22,-1.08,-1.11,-2.27,-0.24,0.20,-0.48,0.46
253,Grayson Allen,PHX,11,20.5,10.2,2.6,1.9,0.6,0.0,1.8,43.7,84.2,-0.72,-1.18,-1.22,-0.92,-0.88,-1.24,0.02,-0.48,0.16
254,Monte Morris,PHX,5,10.0,7.8,2.0,1.4,0.6,0.0,1.8,58.3,100.0,-0.72,-1.61,-1.47,-1.15,-0.96,-1.24,0.01,0.57,0.07
255,AJ Johnson,MIL/WAS,17,31.9,11.0,2.8,3.4,0.6,0.2,1.2,38.8,87.9,-0.72,-1.04,-1.17,-0.25,-0.98,-0.89,-0.59,-1.27,0.40
256,DaQuan Jeffries,CHA,16,27.2,8.9,3.4,1.3,0.5,0.6,1.6,41.4,76.9,-0.72,-1.42,-0.93,-1.22,-1.18,0.01,-0.16,-0.70,-0.19
257,Orlando Robinson,SAC/TOR,12,23.5,10.2,6.8,2.2,0.3,0.3,0.8,45.9,72.2,-0.72,-1.19,0.38,-0.81,-1.72,-0.74,-0.99,-0.34,-0.39
258,Caleb Houstan,ORL,14,19.6,6.8,2.4,1.2,0.7,0.2,1.8,54.0,66.7,-0.73,-1.79,-1.33,-1.24,-0.71,-0.81,-0.01,0.32,-0.25
259,Kenrich Williams,OKC,16,22.0,8.5,4.3,2.2,0.7,0.2,1.2,48.2,53.8,-0.73,-1.48,-0.57,-0.80,-0.77,-0.86,-0.58,-0.05,-0.71
260,Alec Burks,MIA,13,17.4,9.8,2.1,1.1,0.5,0.1,2.6,45.7,87.5,-0.73,-1.26,-1.44,-1.30,-1.26,-1.08,0.78,-0.26,0.00
261,Nick Smith,CHA,13,25.6,12.4,2.6,3.6,0.1,0.0,2.3,38.6,95.0,-0.73,-0.79,-1.23,-0.15,-2.10,-1.24,0.49,-1.38,0.59
262,Duncan Robinson,MIA,11,21.2,10.5,1.5,1.5,0.5,0.1,2.5,46.6,83.3,-0.73,-1.14,-1.64,-1.13,-1.28,-1.06,0.72,-0.22,-0.09
263,Emoni Bates,CLE,3,15.7,10.3,2.3,1.3,0.0,0.3,3.0,45.8,0.0,-0.73,-1.16,-1.34,-1.18,-2.27,-0.57,1.15,-0.29,-0.18
264,Jamal Cain,NOP,10,19.3,10.7,3.0,0.6,1.0,0.2,1.2,46.9,73.1,-0.73,-1.09,-1.08,-1.51,-0.08,-0.84,-0.56,-0.19,-0.48
265,Georges Niang,ATL/CLE,14,20.4,11.4,1.7,1.1,0.4,0.1,2.8,45.2,80.0,-0.73,-0.98,-1.58,-1.27,-1.49,-0.95,0.94,-0.40,-0.13
266,Luke Kennard,MEM,13,23.6,6.2,2.9,3.2,0.9,0.0,0.8,45.7,100.0,-0.73,-1.90,-1.11,-0.36,-0.25,-1.24,-0.90,-0.16,0.06
267,Jonas Valanciunas,SAC/WAS,16,14.0,7.8,5.6,1.3,0.2,0.3,0.0,59.1,95.5,-0.73,-1.60,-0.06,-1.22,-1.86,-0.61,-1.70,0.68,0.52
268,Tolu Smith,DET,1,22.0,14.0,8.0,0.0,0.0,0.0,0.0,66.7,66.7,-0.74,-0.51,0.87,-1.79,-2.27,-1.24,-1.70,1.82,-1.07
269,T.J. McConnell,IND,17,17.9,7.9,2.8,4.6,0.7,0.2,0.1,48.8,71.4,-0.74,-1.59,-1.17,0.28,-0.73,-0.77,-1.59,0.00,-0.31
270,Royce O'Neale,PHX,14,20.7,7.8,4.1,2.0,0.3,0.4,2.2,37.5,0.0,-0.74,-1.61,-0.66,-0.88,-1.64,-0.38,0.40,-0.97,-0.18
271,Jonathan Isaac,ORL,12,12.3,3.8,3.4,0.8,0.9,1.2,0.1,41.0,75.0,-0.74,-2.33,-0.92,-1.41,-0.27,1.09,-1.63,-0.22,-0.26
272,Mouhamed Gueye,ATL,14,16.4,5.4,5.4,0.9,0.6,0.9,0.5,39.4,73.9,-0.75,-2.03,-0.16,-1.37,-0.86,0.47,-1.23,-0.47,-0.33
273,Goga Bitadze,ORL,13,15.5,5.2,4.9,1.8,0.7,0.8,0.0,53.1,66.7,-0.75,-2.06,-0.33,-0.99,-0.76,0.30,-1.70,0.25,-0.73
274,Dalano Banton,POR,15,22.4,9.5,2.4,3.5,0.7,0.7,1.1,33.3,78.1,-0.76,-1.30,-1.31,-0.22,-0.81,0.22,-0.69,-1.87,-0.13
275,Duop Reath,POR,11,17.5,7.7,3.9,0.9,0.4,0.4,1.2,47.1,100.0,-0.76,-1.62,-0.72,-1.38,-1.47,-0.51,-0.58,-0.11,0.28
276,Ronald Holland,DET,14,16.4,8.0,3.1,1.6,0.7,0.6,0.5,58.1,63.3,-0.76,-1.57,-1.05,-1.04,-0.71,-0.10,-1.23,0.60,-1.01
277,John Konchar,MEM,11,11.5,2.6,3.4,0.9,1.3,0.2,0.6,55.6,100.0,-0.77,-2.52,-0.94,-1.38,0.51,-0.87,-1.10,0.23,-0.07
278,Jordan Goodwin,LAL,17,18.1,4.6,3.6,1.7,1.0,0.4,0.7,37.5,87.5,-0.77,-2.17,-0.85,-1.02,-0.08,-0.42,-1.03,-0.57,-0.05
279,Delon Wright,MIL/NYK,10,21.2,5.3,1.7,2.7,1.1,0.2,0.7,45.7,80.0,-0.78,-2.05,-1.58,-0.57,0.13,-0.84,-1.04,-0.12,-0.14
280,Wendell Moore,CHA/DET,8,20.6,6.5,3.6,1.6,1.0,0.1,0.6,51.2,60.0,-0.78,-1.84,-0.84,-1.05,-0.08,-0.99,-1.11,0.18,-0.48
281,Yuki Kawamura,MEM,2,14.5,6.0,2.5,2.5,0.5,0.0,1.5,37.5,100.0,-0.78,-1.93,-1.27,-0.66,-1.18,-1.24,-0.28,-0.46,0.78
282,Pelle Larsson,MIA,12,18.4,6.6,2.6,2.1,1.2,0.3,0.8,43.1,65.0,-0.79,-1.82,-1.24,-0.85,0.28,-0.74,-0.91,-0.33,-0.75
283,Richaun Holmes,WAS,5,12.6,5.8,4.8,0.6,0.4,0.6,0.0,55.0,87.5,-0.80,-1.96,-0.38,-1.51,-1.39,-0.04,-1.70,0.34,0.28
284,Kessler Edwards,DAL,3,22.3,4.7,4.3,0.7,0.3,0.3,1.3,62.5,0.0,-0.80,-2.16,-0.56,-1.48,-1.54,-0.57,-0.44,0.50,-0.18
285,Jaylen Martin,BKN/WAS,10,22.2,7.0,3.9,1.7,0.9,0.0,0.5,43.8,90.0,-0.81,-1.75,-0.73,-1.02,-0.30,-1.24,-1.23,-0.36,0.18
286,Nicolas Batum,LAC,13,14.6,4.6,2.7,0.7,0.6,0.4,1.4,60.6,66.7,-0.81,-2.17,-1.20,-1.47,-0.92,-0.47,-0.39,0.43,-0.25
287,Jalen Hood-Schifino,LAL/PHI,12,23.3,8.1,1.9,2.8,0.4,0.5,1.2,38.2,88.2,-0.81,-1.56,-1.50,-0.55,-1.36,-0.24,-0.60,-0.91,0.26
288,Markieff Morris,DAL/LAL,3,22.7,7.3,2.7,3.0,0.3,0.7,0.7,39.1,100.0,-0.81,-1.69,-1.21,-0.43,-1.54,0.09,-1.07,-0.86,0.24
289,Zach Collins,CHI/SAS,16,15.9,6.1,5.3,1.8,0.3,0.3,0.4,52.6,90.0,-0.81,-1.91,-0.20,-1.00,-1.72,-0.61,-1.35,0.25,0.04
290,Baylor Scheierman,BOS,14,18.0,6.1,2.9,1.5,0.9,0.1,1.6,40.0,66.7,-0.82,-1.90,-1.13,-1.11,-0.40,-0.95,-0.21,-0.51,-0.31
291,A.J. Lawson,TOR,14,19.9,8.6,3.6,1.6,0.7,0.3,0.9,42.4,72.7,-0.82,-1.46,-0.83,-1.04,-0.71,-0.67,-0.82,-0.52,-0.48
292,Steven Adams,HOU,11,18.0,5.1,7.1,0.8,0.5,0.6,0.0,62.2,52.6,-0.82,-2.09,0.51,-1.42,-1.08,0.03,-1.70,0.59,-1.37
293,Alex Reese,OKC/PHI,8,16.1,6.3,3.1,0.4,0.5,0.3,1.5,50.0,85.7,-0.82,-1.88,-1.03,-1.62,-1.18,-0.74,-0.28,0.11,0.03
294,Dereck Lively,DAL,4,16.0,5.5,4.8,0.3,0.8,0.5,0.0,71.4,50.0,-0.83,-2.01,-0.40,-1.67,-0.63,-0.24,-1.70,0.98,-0.94
295,Tony Bradley,IND,9,11.2,6.1,4.2,0.6,0.2,0.9,0.1,61.9,50.0,-0.83,-1.91,-0.60,-1.54,-1.78,0.53,-1.60,0.75,-0.52
296,Nae'Qwan Tomlin,CLE,2,24.5,13.0,7.5,1.0,0.0,0.5,1.0,37.5,75.0,-0.84,-0.68,0.67,-1.33,-2.27,-0.24,-0.75,-1.65,-0.43
297,Jonathan Kuminga,GSW,14,20.9,11.8,3.9,2.4,0.6,0.2,0.4,42.2,75.0,-0.84,-0.90,-0.72,-0.72,-1.02,-0.81,-1.30,-0.78,-0.44
298,Jaylen Wells,MEM,12,25.7,8.3,4.0,1.9,0.5,0.0,1.3,35.6,87.5,-0.84,-1.53,-0.69,-0.92,-1.18,-1.24,-0.44,-1.10,0.40
299,Jay Huff,MEM,11,10.5,6.3,1.8,0.5,0.3,0.9,0.9,52.0,87.5,-0.84,-1.88,-1.54,-1.58,-1.67,0.57,-0.84,0.21,0.03
300,Gabe Vincent,LAL,16,21.8,7.9,1.6,1.0,0.7,0.1,2.2,41.9,80.0,-0.84,-1.58,-1.61,-1.33,-0.77,-1.11,0.38,-0.51,-0.16
301,Jaden Hardy,DAL,11,19.2,11.7,1.6,1.5,0.5,0.0,1.6,45.5,76.0,-0.84,-0.91,-1.61,-1.09,-1.08,-1.24,-0.15,-0.38,-0.26
302,Jaxson Hayes,LAL,16,20.4,7.9,5.4,1.0,0.6,0.6,0.0,73.7,41.2,-0.84,-1.59,-0.13,-1.33,-1.04,0.01,-1.70,1.40,-2.32
303,Seth Curry,CHA,13,19.9,9.1,1.7,1.6,0.2,0.0,1.5,51.8,92.9,-0.85,-1.38,-1.59,-1.06,-1.76,-1.24,-0.31,0.23,0.29
304,Cameron Payne,NYK,13,19.2,7.2,1.8,3.6,0.5,0.2,1.3,35.8,100.0,-0.85,-1.72,-1.56,-0.15,-1.26,-0.78,-0.46,-1.10,0.21
305,Colin Castleton,MEM/PHI/TOR,11,22.2,6.7,6.4,1.5,0.5,0.4,0.1,47.5,68.2,-0.86,-1.80,0.23,-1.13,-1.28,-0.51,-1.62,-0.05,-0.69
306,Jackson Rowe,GSW,1,9.0,6.0,3.0,1.0,1.0,0.0,1.0,100.0,50.0,-0.86,-1.93,-1.08,-1.33,-0.08,-1.24,-0.75,1.27,-1.70
307,Maxwell Lewis,BKN/LAL,15,18.3,7.1,3.0,1.1,0.5,0.5,1.1,43.2,70.0,-0.86,-1.74,-1.08,-1.30,-1.10,-0.31,-0.63,-0.40,-0.32
308,Talen Horton-Tucker,CHI,10,17.8,11.0,1.7,1.9,0.5,0.1,0.6,48.6,79.1,-0.86,-1.04,-1.58,-0.93,-1.18,-1.04,-1.13,-0.02,0.05
309,Jalen Pickett,DEN,15,19.1,5.6,2.2,3.3,0.6,0.1,1.2,40.8,66.7,-0.87,-2.00,-1.39,-0.31,-0.96,-0.97,-0.56,-0.43,-0.30
310,Sidy Cissoko,POR/SAS,2,27.0,5.0,5.0,4.5,0.5,0.5,0.0,33.3,66.7,-0.87,-2.10,-0.30,0.24,-1.18,-0.24,-1.70,-1.05,-0.62
311,Marcus Smart,MEM/WAS,6,17.0,7.0,1.8,2.0,1.2,0.3,1.2,38.9,58.3,-0.87,-1.75,-1.53,-0.88,0.28,-0.57,-0.60,-0.66,-1.24
312,Bismack Biyombo,SAS,14,19.8,4.8,6.1,1.0,0.4,0.7,0.0,50.0,50.0,-0.87,-2.14,0.14,-1.33,-1.49,0.19,-1.70,0.11,-0.73
313,Landry Shamet,NYK,17,21.4,9.1,1.8,0.6,0.5,0.0,2.4,43.9,77.8,-0.87,-1.37,-1.54,-1.52,-1.24,-1.24,0.53,-0.41,-0.17
314,Pat Connaughton,MIL,10,14.6,8.3,2.7,1.9,0.3,0.2,0.6,54.1,78.6,-0.87,-1.52,-1.20,-0.93,-1.61,-0.84,-1.13,0.39,-0.13
315,Jalen Smith,CHI,8,13.0,7.4,5.6,1.4,0.3,0.4,0.5,46.2,70.0,-0.87,-1.68,-0.06,-1.17,-1.72,-0.49,-1.23,-0.19,-0.43
316,Thomas Bryant,IND/MIA,17,13.2,5.5,2.9,0.2,0.4,0.7,0.6,45.2,94.4,-0.87,-2.02,-1.10,-1.71,-1.37,0.17,-1.15,-0.13,0.33
317,Josh Okogie,CHA/PHX,8,15.9,7.9,2.1,1.1,1.0,0.4,0.9,33.3,76.5,-0.87,-1.59,-1.42,-1.28,-0.08,-0.49,-0.87,-0.97,-0.27
318,Quinten Post,GSW,14,16.4,7.5,2.7,1.1,0.3,0.3,1.8,43.5,75.0,-0.88,-1.66,-1.19,-1.30,-1.64,-0.67,-0.01,-0.35,-0.22
319,Khris Middleton,MIL/WAS,5,18.0,8.0,2.6,2.2,0.8,0.0,1.2,35.0,85.7,-0.88,-1.57,-1.23,-0.79,-0.52,-1.24,-0.56,-1.29,0.15
320,Dean Wade,CLE,13,19.9,5.4,2.8,0.8,0.6,0.2,1.5,45.3,60.0,-0.88,-2.04,-1.14,-1.40,-0.92,-0.78,-0.31,-0.11,-0.37
321,Isaac Okoro,CLE,15,18.7,7.3,2.5,0.9,0.6,0.1,1.0,51.3,80.0,-0.89,-1.70,-1.26,-1.39,-0.96,-1.10,-0.75,0.18,-0.10
322,Jae'Sean Tate,HOU,7,14.3,5.0,2.7,1.3,0.3,0.4,0.9,61.9,75.0,-0.89,-2.10,-1.19,-1.21,-1.64,-0.38,-0.89,0.53,-0.22
323,Precious Achiuwa,NYK,15,17.5,6.5,4.6,0.7,0.8,0.7,0.1,45.8,50.0,-0.89,-1.83,-0.46,-1.45,-0.52,0.09,-1.64,-0.21,-1.10
324,Moussa Diabate,CHA,14,15.0,7.4,4.7,0.4,0.5,0.4,0.0,62.7,65.5,-0.89,-1.69,-0.41,-1.59,-1.18,-0.53,-1.70,0.81,-0.86
325,AJ Green,MIL,15,22.6,6.9,2.9,1.8,0.3,0.1,2.1,43.8,50.0,-0.89,-1.76,-1.13,-0.97,-1.69,-1.10,0.26,-0.28,-0.49
326,Tidjane Salaun,CHA,12,27.6,8.4,6.5,1.8,0.3,0.2,1.2,36.3,70.0,-0.90,-1.50,0.28,-0.96,-1.72,-0.90,-0.60,-1.10,-0.68
327,Vince Williams,MEM,11,18.5,5.9,3.6,2.0,0.2,0.4,1.0,39.3,100.0,-0.90,-1.94,-0.83,-0.88,-1.87,-0.51,-0.75,-0.57,0.17
328,Neemias Queta,BOS,11,11.1,4.6,2.9,1.0,0.3,0.6,0.0,72.4,81.8,-0.90,-2.17,-1.11,-1.33,-1.67,0.03,-1.70,0.80,-0.05
329,Zeke Nnaji,DEN,11,13.0,3.7,1.4,0.8,0.9,0.9,0.5,40.6,66.7,-0.90,-2.33,-1.72,-1.42,-0.28,0.57,-1.27,-0.20,-0.58
330,Jordan Clarkson,UTA,3,21.3,12.7,3.0,3.0,0.0,0.3,1.3,40.6,72.7,-0.90,-0.74,-1.08,-0.43,-2.27,-0.57,-0.44,-1.07,-0.64
331,Micah Potter,UTA,8,22.9,4.0,5.3,1.0,0.5,0.4,0.4,38.7,83.3,-0.91,-2.28,-0.20,-1.33,-1.18,-0.49,-1.35,-0.39,-0.05
332,Jabari Walker,POR,10,15.8,7.8,3.6,0.6,0.5,0.0,0.5,54.7,78.9,-0.91,-1.61,-0.85,-1.51,-1.18,-1.24,-1.23,0.39,-0.09
333,Josh Green,CHA,8,21.4,7.8,1.1,1.6,0.5,0.3,1.3,44.0,80.0,-0.91,-1.62,-1.81,-1.05,-1.18,-0.74,-0.52,-0.33,-0.08
334,Ricky Council,PHI,16,24.3,10.1,5.4,1.9,0.3,0.2,0.9,34.9,76.7,-0.92,-1.19,-0.15,-0.94,-1.59,-0.86,-0.87,-1.49,-0.24
335,Branden Carlson,OKC,12,10.5,5.5,2.1,0.6,0.3,1.1,0.7,44.4,71.4,-0.92,-2.01,-1.44,-1.52,-1.72,0.92,-1.07,-0.18,-0.37
336,DeAndre Jordan,DEN,10,16.2,5.6,7.0,1.7,0.4,0.7,0.0,64.7,44.4,-0.93,-2.00,0.48,-1.02,-1.39,0.16,-1.70,0.69,-2.66
337,Jordan Hawkins,NOP,7,25.4,10.1,3.9,1.6,0.1,0.4,2.0,32.9,73.3,-0.93,-1.19,-0.75,-1.08,-1.96,-0.38,0.20,-1.89,-0.41
338,Cody Martin,CHA/PHX,14,14.6,3.7,3.4,1.1,0.9,0.4,0.2,35.1,75.0,-0.93,-2.33,-0.91,-1.27,-0.24,-0.38,-1.50,-0.59,-0.23
339,Garrison Mathews,ATL,3,17.7,6.0,2.0,1.0,0.0,0.7,1.7,40.0,100.0,-0.93,-1.93,-1.47,-1.33,-2.27,0.09,-0.12,-0.47,0.03
340,Oshae Brissett,PHI,5,24.0,7.6,4.2,0.8,0.6,0.4,0.6,45.2,63.6,-0.93,-1.64,-0.61,-1.42,-0.96,-0.44,-1.13,-0.24,-1.02
341,Paul Reed,DET,8,12.0,3.9,3.5,1.1,0.6,0.8,0.3,40.0,62.5,-0.94,-2.30,-0.88,-1.28,-0.90,0.26,-1.47,-0.32,-0.59
342,Mason Plumlee,PHX,8,13.3,3.5,4.6,1.6,0.4,0.5,0.0,69.2,66.7,-0.94,-2.37,-0.45,-1.05,-1.45,-0.24,-1.70,0.48,-0.73
343,Damion Baugh,CHA,5,23.2,5.8,5.0,3.6,0.4,0.2,0.6,26.8,100.0,-0.94,-1.96,-0.30,-0.16,-1.39,-0.84,-1.13,-2.09,0.33
344,Svi Mykhailiuk,UTA,11,20.2,7.4,2.3,2.2,0.3,0.1,1.5,40.0,81.8,-0.95,-1.68,-1.36,-0.80,-1.67,-1.06,-0.32,-0.63,-0.05
345,Jaylen Sims,CHA,6,18.5,7.0,1.0,2.0,0.5,0.2,1.0,42.9,80.0,-0.95,-1.75,-1.86,-0.88,-1.18,-0.90,-0.75,-0.27,0.02
346,Cole Swider,DET/TOR,8,19.6,7.4,3.1,0.3,0.5,0.3,1.9,37.9,0.0,-0.95,-1.68,-1.03,-1.67,-1.18,-0.74,0.08,-0.91,-0.45
347,Malaki Branham,SAS,9,12.9,9.7,1.4,1.2,0.3,0.0,1.1,49.3,81.8,-0.95,-1.28,-1.68,-1.23,-1.54,-1.24,-0.65,0.03,-0.02
348,Julian Phillips,CHI,15,15.3,4.9,2.2,0.6,0.7,0.1,0.7,45.8,100.0,-0.95,-2.13,-1.39,-1.51,-0.67,-0.97,-1.07,-0.08,0.20
349,PJ Hall,DEN,3,5.7,5.3,1.7,0.3,0.0,0.7,0.7,77.8,0.0,-0.95,-2.04,-1.60,-1.64,-2.27,0.09,-1.07,1.08,-0.18
350,Blake Wesley,SAS,17,19.4,5.6,1.9,2.4,1.2,0.2,0.6,39.5,56.7,-0.95,-2.00,-1.51,-0.70,0.30,-0.89,-1.15,-0.50,-1.20
351,Alex Ducas,OKC,4,12.3,3.3,2.8,0.8,0.8,0.0,0.8,50.0,100.0,-0.95,-2.41,-1.18,-1.45,-0.63,-1.24,-0.99,0.12,0.14
352,Pete Nance,MIL/PHI,5,13.6,4.6,2.2,1.4,0.2,0.4,1.0,52.9,0.0,-0.96,-2.17,-1.39,-1.15,-1.83,-0.44,-0.75,0.23,-0.18
353,Jarred Vanderbilt,LAL,15,14.5,3.5,4.4,0.7,0.8,0.3,0.0,45.8,69.2,-0.96,-2.36,-0.53,-1.45,-0.52,-0.71,-1.70,-0.04,-0.38
354,Kyle Lowry,PHI,2,18.0,2.5,1.0,1.5,1.0,0.5,0.5,33.3,0.0,-0.96,-2.55,-1.86,-1.11,-0.08,-0.24,-1.23,-0.46,-0.18
355,Jaylon Tyson,CLE,6,13.7,7.2,2.7,1.0,0.7,0.2,1.0,39.5,75.0,-0.97,-1.72,-1.21,-1.33,-0.81,-0.90,-0.75,-0.76,-0.22
356,Lester Quinones,NOP/PHI,10,16.9,7.7,1.5,2.3,0.3,0.2,1.3,38.6,83.3,-0.97,-1.62,-1.66,-0.75,-1.61,-0.84,-0.47,-0.82,0.02
357,Aaron Holiday,HOU,12,12.6,6.1,1.1,1.4,0.2,0.3,1.6,46.3,80.0,-0.97,-1.91,-1.82,-1.15,-1.90,-0.57,-0.20,-0.08,-0.15
358,Dariq Whitehead,BKN,10,18.8,7.5,2.3,1.1,0.3,0.0,2.1,37.7,100.0,-0.97,-1.66,-1.35,-1.29,-1.61,-1.24,0.29,-0.88,-0.05
359,Scoot Henderson,POR,7,25.4,10.0,3.0,5.0,0.3,0.0,1.6,31.6,69.2,-0.98,-1.22,-1.08,0.47,-1.64,-1.24,-0.21,-2.30,-0.60
360,Jamaree Bouyea,MIL,4,14.3,3.8,1.3,2.3,0.8,0.5,0.3,45.5,66.7,-0.98,-2.33,-1.76,-0.77,-0.63,-0.24,-1.47,-0.03,-0.62
361,Keshad Johnson,MIA,6,7.0,4.5,1.8,0.2,0.7,0.0,0.3,78.6,100.0,-0.98,-2.19,-1.53,-1.71,-0.81,-1.24,-1.39,0.89,0.14
362,RJ Barrett,TOR,6,26.0,17.7,5.0,3.3,0.7,0.3,1.5,43.3,44.8,-0.98,0.14,-0.30,-0.28,-0.81,-0.57,-0.28,-1.19,-4.56
363,Simone Fontecchio,DET,15,14.6,5.5,2.3,0.6,0.5,0.1,1.0,45.5,100.0,-0.98,-2.02,-1.36,-1.51,-1.10,-1.10,-0.75,-0.12,0.12
364,David Duke,SAS,2,8.0,5.5,1.0,0.5,0.5,0.0,1.5,57.1,0.0,-0.99,-2.01,-1.86,-1.56,-1.18,-1.24,-0.28,0.40,-0.18
365,Jevon Carter,CHI,6,15.5,7.0,1.8,1.5,0.7,0.2,1.7,32.7,0.0,-0.99,-1.75,-1.53,-1.11,-0.81,-0.90,-0.12,-1.54,-0.18
366,Rayan Rupert,POR,11,13.9,6.0,2.2,0.6,0.7,0.2,0.5,43.3,80.0,-1.00,-1.93,-1.40,-1.50,-0.68,-0.87,-1.19,-0.31,-0.11
367,Enrique Freeman,IND,3,14.0,4.7,3.7,0.3,0.3,0.3,0.0,33.3,100.0,-1.00,-2.16,-0.82,-1.64,-1.54,-0.57,-1.70,-0.66,1.10
368,Tyson Etienne,BKN,7,21.6,7.9,1.3,1.7,0.4,0.1,1.9,32.7,80.0,-1.00,-1.60,-1.75,-1.01,-1.33,-0.95,0.06,-1.38,-0.07
369,Dominick Barlow,ATL,14,13.5,5.0,3.4,0.9,0.2,0.6,0.1,58.0,62.5,-1.01,-2.10,-0.91,-1.37,-1.80,-0.10,-1.57,0.44,-0.65
370,Craig Porter,CLE,9,16.0,6.9,2.1,1.7,0.4,0.2,0.7,45.8,70.6,-1.01,-1.77,-1.42,-1.03,-1.30,-0.79,-1.07,-0.15,-0.53
371,Caleb Martin,DAL/PHI,9,19.9,5.8,3.2,1.7,1.0,0.1,0.3,38.8,61.1,-1.02,-1.97,-0.99,-1.03,-0.08,-1.02,-1.39,-0.60,-1.08
372,Kevon Looney,GSW,16,12.4,3.1,4.3,0.9,0.4,0.6,0.1,55.9,52.9,-1.02,-2.45,-0.57,-1.36,-1.45,-0.12,-1.59,0.26,-0.90
373,Kris Murray,POR,14,20.2,4.7,4.1,1.6,0.6,0.4,0.4,33.8,61.5,-1.03,-2.15,-0.63,-1.08,-1.02,-0.53,-1.30,-0.92,-0.59
374,Stanley Umude,MIL,2,10.5,1.5,1.0,0.5,0.0,1.5,0.5,33.3,0.0,-1.03,-2.72,-1.86,-1.56,-2.27,1.75,-1.23,-0.17,-0.18
375,Torrey Craig,BOS/CHI,9,13.6,1.9,3.7,1.0,0.6,0.7,0.3,26.1,50.0,-1.03,-2.66,-0.82,-1.33,-1.06,0.09,-1.39,-0.59,-0.52
376,Cam Reddish,LAL,1,22.0,2.0,4.0,0.0,2.0,0.0,0.0,16.7,0.0,-1.04,-2.64,-0.69,-1.79,2.10,-1.24,-1.70,-2.20,-0.18
377,Jaylen Clark,MIN,14,10.6,3.9,1.6,0.8,0.8,0.1,0.4,51.5,78.9,-1.04,-2.31,-1.63,-1.43,-0.55,-1.09,-1.37,0.16,-0.11
378,Dillon Jones,OKC,15,13.3,3.3,2.9,1.3,0.5,0.1,0.4,48.7,75.0,-1.04,-2.40,-1.10,-1.18,-1.10,-1.10,-1.32,0.08,-0.21
379,Miles Norris,BOS,2,15.5,3.5,3.5,0.0,1.0,0.5,1.0,22.2,50.0,-1.05,-2.37,-0.88,-1.79,-0.08,-0.24,-0.75,-1.33,-0.94
380,Dalton Knecht,LAL,16,13.3,6.9,1.9,0.7,0.1,0.2,1.4,42.7,80.0,-1.05,-1.76,-1.49,-1.48,-2.00,-0.86,-0.34,-0.36,-0.11
381,Harrison Ingram,SAS,2,8.5,1.0,2.0,1.0,1.0,0.0,0.0,100.0,0.0,-1.05,-2.81,-1.47,-1.33,-0.08,-1.24,-1.70,0.41,-0.18
382,Jeff Green,HOU,7,12.7,6.1,1.9,1.3,0.1,0.0,1.3,50.0,75.0,-1.06,-1.90,-1.52,-1.21,-1.96,-1.24,-0.48,0.11,-0.25
383,Jaden Springer,BOS/UTA,10,14.1,3.7,2.6,1.1,0.7,0.1,0.3,37.8,85.7,-1.06,-2.33,-1.23,-1.29,-0.74,-1.04,-1.42,-0.40,-0.01
384,Ajay Mitchell,OKC,2,18.0,8.0,0.5,3.5,0.5,0.5,0.5,38.9,50.0,-1.06,-1.57,-2.05,-0.21,-1.18,-0.24,-1.23,-1.06,-0.94
385,Hunter Tyson,DEN,8,10.4,5.1,2.3,0.8,0.5,0.1,0.8,36.6,100.0,-1.07,-2.08,-1.37,-1.45,-1.18,-0.99,-0.99,-0.68,0.22
386,Josh Christopher,MIA,6,7.0,3.7,1.0,0.7,0.8,0.3,0.3,37.5,100.0,-1.07,-2.34,-1.86,-1.48,-0.45,-0.57,-1.39,-0.46,0.03
387,Tristan da Silva,ORL,10,15.6,5.1,2.5,1.4,0.4,0.2,0.7,35.7,100.0,-1.07,-2.09,-1.27,-1.15,-1.39,-0.84,-1.04,-0.82,0.07
388,Ben Sheppard,IND,12,16.8,2.7,3.3,1.8,0.5,0.2,0.6,29.7,75.0,-1.07,-2.52,-0.98,-1.00,-1.18,-0.90,-1.15,-0.60,-0.20
389,Lindy Waters,DET/GSW,7,13.1,4.3,1.9,1.1,0.4,0.1,1.4,33.3,0.0,-1.07,-2.23,-1.52,-1.27,-1.33,-0.95,-0.35,-0.71,-0.18
390,Noah Clowney,BKN,6,22.0,6.7,4.3,1.3,0.5,0.2,1.2,24.0,81.8,-1.07,-1.81,-0.56,-1.18,-1.18,-0.90,-0.60,-2.40,0.06
391,P.J. Tucker,NYK,3,19.3,3.0,2.7,0.0,0.3,0.3,1.0,42.9,0.0,-1.07,-2.46,-1.21,-1.79,-1.54,-0.57,-0.75,-0.07,-0.18
392,JT Thor,CLE/WAS,10,19.7,4.0,3.7,0.5,0.6,0.6,0.2,36.6,57.1,-1.08,-2.28,-0.81,-1.56,-0.96,-0.04,-1.51,-0.52,-0.97
393,Josh Minott,MIN,8,4.9,4.3,0.9,0.5,0.3,0.0,0.8,78.6,100.0,-1.08,-2.24,-1.91,-1.56,-1.72,-1.24,-0.99,0.70,0.30
394,Johnny Furphy,IND,9,11.9,4.1,2.6,1.0,0.4,0.3,0.4,41.4,69.2,-1.09,-2.26,-1.25,-1.33,-1.30,-0.57,-1.28,-0.20,-0.50
395,Kylor Kelley,DAL/NOP,3,19.7,3.3,6.0,1.0,0.3,0.3,0.0,44.4,50.0,-1.09,-2.40,0.09,-1.33,-1.54,-0.57,-1.70,-0.08,-1.20
396,Bronny James,LAL,8,11.1,4.0,1.0,1.8,0.5,0.1,0.6,38.7,100.0,-1.09,-2.28,-1.86,-1.00,-1.18,-0.99,-1.11,-0.39,0.06
397,Patty Mills,LAC/UTA,5,6.0,5.4,0.2,0.2,0.0,0.0,1.2,63.6,100.0,-1.10,-2.03,-2.17,-1.70,-2.27,-1.24,-0.56,0.47,0.71
398,Dante Exum,DAL,2,14.0,5.0,1.5,3.0,0.0,0.0,1.0,44.4,0.0,-1.10,-2.10,-1.66,-0.43,-2.27,-1.24,-0.75,-0.18,-0.18
399,Tyler Kolek,NYK,11,12.9,2.5,1.1,4.4,0.5,0.3,0.3,27.3,63.6,-1.10,-2.54,-1.82,0.18,-1.28,-0.69,-1.45,-0.67,-0.56
400,Mo Bamba,LAC/NOP,3,6.7,2.7,3.3,0.3,0.0,0.3,0.0,75.0,100.0,-1.11,-2.52,-0.95,-1.64,-2.27,-0.57,-1.70,0.51,0.24
401,Garrett Temple,TOR,7,14.3,4.0,1.4,1.0,0.9,0.0,0.3,34.4,100.0,-1.11,-2.28,-1.69,-1.33,-0.40,-1.24,-1.43,-0.71,0.18
402,Ben Simmons,BKN/LAC,12,14.3,1.3,3.4,2.3,0.3,0.3,0.0,32.0,0.0,-1.12,-2.75,-0.92,-0.77,-1.72,-0.57,-1.70,-0.31,-0.18
403,Gary Harris,ORL,14,13.3,3.0,1.6,0.8,0.5,0.1,0.8,44.1,50.0,-1.12,-2.46,-1.63,-1.43,-1.18,-0.95,-0.96,-0.05,-0.29
404,Anthony Gill,WAS,9,18.2,5.9,3.4,0.7,0.3,0.0,0.3,46.2,73.7,-1.12,-1.95,-0.91,-1.48,-1.54,-1.24,-1.39,-0.08,-0.39
405,Christian Koloko,LAL,6,10.2,2.8,3.5,0.2,0.2,0.8,0.0,53.8,50.0,-1.12,-2.49,-0.88,-1.71,-1.90,0.42,-1.70,0.22,-0.94
406,Markelle Fultz,SAC,10,10.3,3.5,1.3,1.8,0.5,0.1,0.3,44.4,0.0,-1.13,-2.37,-1.74,-0.97,-1.18,-1.04,-1.42,-0.12,-0.18
407,Bol Bol,PHX,5,5.6,3.8,0.6,0.6,0.2,0.2,0.6,80.0,0.0,-1.13,-2.32,-2.01,-1.51,-1.83,-0.84,-1.13,0.81,-0.18
408,Jordan McLaughlin,SAC/SAS,10,9.8,2.9,0.7,1.7,0.4,0.1,0.6,45.5,100.0,-1.13,-2.48,-1.97,-1.02,-1.39,-1.04,-1.13,0.00,0.01
409,Devin Carter,SAC,13,13.6,3.5,1.8,1.1,1.2,0.1,0.5,34.7,42.9,-1.13,-2.36,-1.53,-1.30,0.25,-1.08,-1.27,-0.55,-1.22
410,Vlatko Cancar,DEN,7,13.6,2.1,3.1,1.3,0.4,0.1,0.4,31.6,0.0,-1.13,-2.61,-1.02,-1.21,-1.33,-0.95,-1.30,-0.46,-0.18
411,Gui Santos,GSW,15,13.1,2.9,3.0,1.3,0.5,0.1,0.4,38.1,55.6,-1.14,-2.48,-1.08,-1.18,-1.25,-0.97,-1.32,-0.27,-0.55
412,KJ Martin,PHI/UTA,6,21.2,5.8,2.0,2.0,0.2,0.0,0.2,42.9,100.0,-1.14,-1.96,-1.47,-0.88,-1.90,-1.24,-1.55,-0.38,0.24
413,Spencer Jones,DEN,6,14.0,3.5,1.7,0.7,0.2,0.7,0.0,39.1,100.0,-1.15,-2.37,-1.60,-1.48,-1.90,0.09,-1.70,-0.37,0.14
414,Doug McDermott,SAC,6,9.2,5.8,0.7,0.5,0.0,0.0,1.8,46.2,0.0,-1.15,-1.96,-1.99,-1.56,-2.27,-1.24,0.04,-0.08,-0.18
415,Cam Spencer,MEM,11,8.8,4.1,0.9,1.4,0.3,0.0,0.8,39.5,100.0,-1.16,-2.26,-1.89,-1.17,-1.67,-1.24,-0.93,-0.30,0.17
416,Tyler Smith,MIL,6,6.7,3.8,0.8,0.0,0.2,0.2,0.8,50.0,100.0,-1.17,-2.31,-1.92,-1.79,-1.90,-0.90,-0.91,0.12,0.24
417,Dwight Powell,DAL,12,12.7,2.0,1.9,1.3,0.4,0.0,0.1,56.3,83.3,-1.18,-2.64,-1.50,-1.18,-1.36,-1.24,-1.63,0.22,-0.10
418,Patrick Baldwin,LAC/WAS,2,3.0,3.0,1.5,0.5,0.0,0.0,1.0,100.0,0.0,-1.18,-2.46,-1.66,-1.56,-2.27,-1.24,-0.75,0.70,-0.18
419,Jett Howard,ORL,5,17.0,7.8,1.0,0.6,0.0,0.2,1.2,50.0,33.3,-1.18,-1.61,-1.86,-1.51,-2.27,-0.84,-0.56,0.10,-0.92
420,Dario Saric,DEN,1,7.0,4.0,1.0,1.0,0.0,0.0,0.0,100.0,0.0,-1.20,-2.28,-1.86,-1.33,-2.27,-1.24,-1.70,1.27,-0.18
421,Tristan Thompson,CLE,6,14.5,3.0,7.0,0.5,0.2,0.5,0.0,44.4,25.0,-1.20,-2.46,0.48,-1.56,-1.90,-0.24,-1.70,-0.08,-2.13
422,Drew Eubanks,LAC/UTA,12,6.2,2.5,2.6,0.4,0.1,0.3,0.0,60.0,75.0,-1.21,-2.55,-1.24,-1.60,-2.09,-0.57,-1.70,0.31,-0.22
423,Alex Len,LAL/SAC,3,12.7,4.7,4.0,0.7,0.3,0.3,0.3,54.5,25.0,-1.21,-2.16,-0.69,-1.48,-1.54,-0.57,-1.39,0.31,-2.13
424,Taj Gibson,CHA,10,10.2,2.7,2.4,0.5,0.1,0.6,0.0,52.0,25.0,-1.22,-2.51,-1.31,-1.56,-2.05,-0.04,-1.70,0.18,-0.77
425,Daeqwon Plowden,ATL,4,9.5,4.8,1.5,0.5,0.0,0.0,0.8,53.3,0.0,-1.22,-2.15,-1.66,-1.56,-2.27,-1.24,-0.99,0.26,-0.18
426,JD Davison,BOS,7,7.6,3.0,1.4,1.4,0.4,0.1,0.3,36.0,50.0,-1.23,-2.46,-1.69,-1.14,-1.33,-0.95,-1.43,-0.46,-0.40
427,Marvin Bagley,MEM/WAS,8,7.0,3.9,2.5,0.5,0.3,0.1,0.0,52.0,62.5,-1.24,-2.30,-1.27,-1.56,-1.72,-0.99,-1.70,0.19,-0.59
428,Pat Spencer,GSW,8,5.1,2.1,0.5,1.3,0.4,0.0,0.4,50.0,0.0,-1.25,-2.61,-2.05,-1.22,-1.45,-1.24,-1.35,0.12,-0.18
429,Lamar Stevens,MEM,10,8.0,4.3,1.5,0.4,0.2,0.1,0.3,48.7,66.7,-1.25,-2.23,-1.66,-1.61,-1.83,-1.04,-1.42,0.05,-0.27
430,Julian Strawther,DEN,4,8.3,4.0,2.5,0.5,0.3,0.3,0.0,35.7,75.0,-1.26,-2.28,-1.27,-1.56,-1.72,-0.74,-1.70,-0.46,-0.30
431,Amir Coffey,LAC,7,12.3,4.7,1.6,0.6,0.4,0.0,0.6,36.7,70.0,-1.26,-2.15,-1.63,-1.53,-1.33,-1.24,-1.16,-0.55,-0.47
432,Kevin McCullar,NYK,4,7.5,1.5,2.0,0.5,0.3,0.3,0.0,28.6,100.0,-1.26,-2.72,-1.47,-1.56,-1.72,-0.74,-1.70,-0.31,0.14
433,Nate Williams,HOU,6,10.2,4.3,1.0,0.7,0.5,0.0,0.3,45.8,50.0,-1.27,-2.22,-1.86,-1.48,-1.18,-1.24,-1.39,-0.08,-0.69
434,Ron Harper,DET,1,17.0,4.0,7.0,2.0,0.0,0.0,0.0,12.5,100.0,-1.27,-2.28,0.48,-0.88,-2.27,-1.24,-1.70,-3.36,1.10
435,Javonte Green,CLE/NOP,13,9.0,2.2,2.0,0.5,0.7,0.1,0.2,29.3,40.0,-1.28,-2.61,-1.47,-1.54,-0.76,-1.08,-1.56,-0.64,-0.58
436,Trey Jemison,LAL/NOP,7,7.9,1.6,2.6,0.3,0.1,0.1,0.0,71.4,50.0,-1.28,-2.71,-1.25,-1.66,-1.96,-0.95,-1.70,0.37,-0.40
437,Damion Lee,PHX,8,5.3,3.1,0.8,0.4,0.3,0.0,0.4,42.9,100.0,-1.28,-2.44,-1.95,-1.62,-1.72,-1.24,-1.35,-0.10,0.14
438,GG Jackson,MEM,5,11.8,3.6,2.6,0.6,0.6,0.0,0.6,22.2,75.0,-1.29,-2.35,-1.23,-1.51,-0.96,-1.24,-1.13,-1.62,-0.23
439,MarJon Beauchamp,LAC/MIL/NYK,5,2.6,2.4,1.4,0.2,0.2,0.0,0.0,50.0,100.0,-1.29,-2.56,-1.70,-1.70,-1.83,-1.24,-1.70,0.12,0.33
440,Shake Milton,BKN/LAL,8,11.8,3.4,1.5,1.0,0.4,0.1,0.1,32.3,75.0,-1.29,-2.39,-1.66,-1.33,-1.45,-0.99,-1.59,-0.68,-0.24
441,Isaac Jones,SAC,10,5.2,2.1,1.2,0.2,0.1,0.2,0.1,56.3,100.0,-1.30,-2.62,-1.78,-1.70,-2.05,-0.84,-1.61,0.24,-0.05
442,Emanuel Miller,CHI,5,4.4,2.0,1.6,0.4,0.2,0.0,0.0,50.0,100.0,-1.31,-2.64,-1.62,-1.61,-1.83,-1.24,-1.70,0.12,0.07
443,Jericho Sims,MIL/NYK,2,11.5,0.0,2.5,1.0,0.0,0.5,0.0,0.0,0.0,-1.31,-2.99,-1.27,-1.33,-2.27,-0.24,-1.70,-0.45,-0.18
444,Adam Flagler,OKC,12,8.3,2.6,1.5,1.0,0.3,0.1,0.5,30.8,50.0,-1.31,-2.53,-1.66,-1.33,-1.72,-1.07,-1.23,-0.60,-0.31
445,Terry Rozier,MIA,7,17.1,3.4,2.7,1.9,0.3,0.0,0.6,23.1,66.7,-1.31,-2.38,-1.19,-0.95,-1.64,-1.24,-1.16,-1.62,-0.31
446,Jahmir Young,CHI,5,5.4,2.2,0.4,1.0,0.0,0.0,0.2,80.0,100.0,-1.31,-2.60,-2.09,-1.33,-2.27,-1.24,-1.51,0.47,0.07
447,Jordan Walsh,BOS,9,6.1,1.6,1.6,0.3,0.2,0.2,0.2,33.3,0.0,-1.31,-2.71,-1.64,-1.64,-1.78,-0.79,-1.49,-0.26,-0.18
448,Andre Jackson,MIL,10,7.6,2.1,1.4,0.7,0.3,0.1,0.1,60.0,33.3,-1.33,-2.62,-1.70,-1.47,-1.61,-1.04,-1.61,0.30,-0.92
449,Trey Alexander,DEN,4,8.0,3.3,0.8,0.8,0.3,0.0,0.3,40.0,0.0,-1.34,-2.41,-1.95,-1.45,-1.72,-1.24,-1.47,-0.32,-0.18
450,Kobe Brown,LAC,9,5.8,1.2,1.1,0.6,0.2,0.1,0.2,40.0,50.0,-1.35,-2.77,-1.81,-1.54,-1.78,-1.02,-1.49,0.00,-0.35
451,Chris Livingston,MIL,6,5.5,2.2,2.0,0.5,0.0,0.0,0.0,33.3,87.5,-1.35,-2.61,-1.47,-1.56,-2.27,-1.24,-1.70,-0.17,0.20
452,Luka Garza,MIN,7,3.7,3.0,0.4,0.4,0.0,0.0,0.3,66.7,75.0,-1.35,-2.46,-2.08,-1.59,-2.27,-1.24,-1.43,0.45,-0.22
453,Kevin Knox,GSW,7,4.7,2.6,0.9,0.1,0.1,0.0,0.1,58.3,75.0,-1.36,-2.53,-1.91,-1.72,-1.96,-1.24,-1.57,0.29,-0.22
454,Justin Minaya,POR,12,6.7,1.5,0.6,0.4,0.4,0.1,0.2,42.1,0.0,-1.36,-2.72,-2.02,-1.60,-1.36,-1.07,-1.55,-0.02,-0.54
455,Xavier Tillman,BOS,4,6.0,1.0,1.3,0.0,0.5,0.0,0.0,14.3,100.0,-1.37,-2.81,-1.76,-1.79,-1.18,-1.24,-1.70,-0.60,0.14
456,Corey Kispert,WAS,1,15.0,4.0,2.0,1.0,0.0,0.0,0.0,40.0,0.0,-1.37,-2.28,-1.47,-1.33,-2.27,-1.24,-1.70,-0.47,-0.18
457,Trayce Jackson-Davis,GSW,10,5.0,3.3,2.0,0.5,0.1,0.1,0.0,61.9,50.0,-1.38,-2.40,-1.47,-1.56,-2.05,-1.04,-1.70,0.41,-1.25
458,Cam Christie,LAC,6,4.2,0.8,0.8,0.5,0.5,0.2,0.0,18.2,50.0,-1.39,-2.84,-1.92,-1.56,-1.18,-0.90,-1.70,-0.55,-0.44
459,Drew Peterson,BOS,7,5.3,1.9,1.4,0.0,0.1,0.0,0.6,33.3,50.0,-1.39,-2.66,-1.69,-1.79,-1.96,-1.24,-1.16,-0.21,-0.40
460,Bones Hyland,LAC/MIN,4,4.3,1.3,0.3,1.0,0.0,0.0,0.3,66.7,0.0,-1.39,-2.77,-2.15,-1.33,-2.27,-1.24,-1.47,0.27,-0.18
461,Terrence Shannon,MIN,5,6.8,0.8,1.0,0.8,0.2,0.0,0.0,33.3,0.0,-1.40,-2.85,-1.86,-1.42,-1.83,-1.24,-1.70,-0.11,-0.18
462,David Roddy,ATL/HOU/PHI,3,11.7,4.3,1.7,0.7,0.0,0.3,0.3,38.5,50.0,-1.40,-2.22,-1.60,-1.48,-2.27,-0.57,-1.39,-0.46,-1.20
463,Jalen Bridges,PHX,3,2.0,1.7,0.3,0.0,0.0,0.0,0.3,33.3,100.0,-1.41,-2.69,-2.12,-1.79,-2.27,-1.24,-1.39,-0.07,0.24
464,Jae Crowder,SAC,2,6.0,1.5,1.5,1.0,0.0,0.0,0.5,20.0,0.0,-1.42,-2.72,-1.66,-1.33,-2.27,-1.24,-1.23,-0.74,-0.18
465,Charles Bassey,SAS,2,6.5,0.0,0.5,0.0,0.0,0.5,0.0,0.0,0.0,-1.42,-2.99,-2.05,-1.79,-2.27,-0.24,-1.70,-0.16,-0.18
466,Mason Jones,SAC,1,3.0,0.0,1.0,1.0,0.0,0.0,0.0,0.0,0.0,-1.43,-2.99,-1.86,-1.33,-2.27,-1.24,-1.70,0.13,-0.18
467,Phillip Wheeler,PHI,5,8.8,1.6,1.6,0.4,0.2,0.4,0.0,14.3,100.0,-1.43,-2.71,-1.62,-1.61,-1.83,-0.44,-1.70,-1.62,0.07
468,Rob Dillingham,MIN,8,3.6,1.0,0.3,0.5,0.3,0.0,0.0,36.4,0.0,-1.43,-2.81,-2.15,-1.56,-1.72,-1.24,-1.70,-0.09,-0.18
469,Anton Watson,NYK,8,2.3,1.0,0.4,0.1,0.1,0.0,0.0,66.7,0.0,-1.44,-2.81,-2.10,-1.73,-2.00,-1.24,-1.70,0.27,-0.18
470,Cody Williams,UTA,8,23.6,3.8,1.4,1.0,0.4,0.3,0.5,23.6,0.0,-1.44,-2.33,-1.71,-1.33,-1.45,-0.74,-1.23,-1.99,-0.72
471,Luke Travers,CLE,3,11.0,1.3,2.7,1.0,0.0,0.0,0.0,22.2,0.0,-1.44,-2.75,-1.21,-1.33,-2.27,-1.24,-1.70,-0.84,-0.18
472,E.J. Liddell,CHI,5,4.0,1.2,0.8,0.0,0.0,0.0,0.0,60.0,0.0,-1.46,-2.78,-1.93,-1.79,-2.27,-1.24,-1.70,0.24,-0.18
473,Isaiah Stevens,MIA,3,2.0,0.0,0.7,0.0,0.3,0.0,0.0,0.0,0.0,-1.46,-2.99,-1.99,-1.79,-1.54,-1.24,-1.70,-0.26,-0.18
474,Jordan Miller,LAC,3,3.0,1.3,0.0,0.0,0.0,0.0,0.0,33.3,100.0,-1.48,-2.75,-2.25,-1.79,-2.27,-1.24,-1.70,-0.07,0.24
475,Leonard Miller,MIN,3,1.7,0.7,0.0,0.0,0.0,0.0,0.0,100.0,0.0,-1.50,-2.87,-2.25,-1.79,-2.27,-1.24,-1.70,0.32,-0.18
476,Vasilije Micic,CHA/PHX,4,5.0,0.0,0.5,0.3,0.0,0.0,0.0,0.0,0.0,-1.50,-2.99,-2.05,-1.67,-2.27,-1.24,-1.70,0.13,-0.18
477,Terry Taylor,SAC,3,2.3,0.0,0.3,0.7,0.0,0.0,0.0,0.0,0.0,-1.51,-2.99,-2.12,-1.48,-2.27,-1.24,-1.70,-0.06,-0.18
478,Trentyn Flowers,LAC,4,2.8,0.5,0.0,0.0,0.0,0.0,0.0,0.0,100.0,-1.52,-2.90,-2.25,-1.79,-2.27,-1.24,-1.70,-0.16,0.14
479,Pacome Dadiet,NYK,4,4.3,1.0,1.0,0.0,0.0,0.0,0.0,25.0,66.7,-1.53,-2.81,-1.86,-1.79,-2.27,-1.24,-1.70,-0.16,-0.40
480,Jack McVeigh,HOU,2,7.5,0.0,0.5,0.0,0.0,0.5,0.0,0.0,0.0,-1.53,-2.99,-2.05,-1.79,-2.27,-0.24,-1.70,-1.03,-0.18
481,Kevin Love,MIA,1,6.0,0.0,0.0,0.0,0.0,0.0,0.0,0.0,0.0,-1.54,-2.99,-2.25,-1.79,-2.27,-1.24,-1.70,0.13,-0.18
482,Daniss Jenkins,DET,2,6.5,3.5,1.0,1.5,0.0,0.0,0.5,50.0,0.0,-1.54,-2.37,-1.86,-1.11,-2.27,-1.24,-1.23,0.12,-2.34
483,Isaiah Crawford,SAC,5,1.8,0.2,0.0,0.2,0.0,0.2,0.0,0.0,50.0,-1.54,-2.96,-2.25,-1.70,-2.27,-0.84,-1.70,-0.10,-0.49
484,TyTy Washington,PHX,4,5.5,1.8,0.3,1.0,0.0,0.0,0.3,37.5,0.0,-1.57,-2.68,-2.15,-1.33,-2.27,-1.24,-1.47,-0.17,-1.26
485,Terence Davis,SAC,1,8.0,0.0,1.0,1.0,0.0,0.0,0.0,0.0,0.0,-1.58,-2.99,-1.86,-1.33,-2.27,-1.24,-1.70,-1.03,-0.18
486,Braxton Key,GSW,3,3.7,1.0,0.7,0.0,0.7,0.0,0.0,0.0,50.0,-1.59,-2.81,-1.99,-1.79,-0.81,-1.24,-1.70,-0.64,-1.70
487,Ousmane Dieng,OKC,1,2.0,0.0,0.0,0.0,0.0,0.0,0.0,0.0,0.0,-1.61,-2.99,-2.25,-1.79,-2.27,-1.24,-1.70,-0.45,-0.18
488,Mac McClung,ORL,1,5.0,0.0,0.0,1.0,0.0,0.0,0.0,0.0,0.0,-1.62,-2.99,-2.25,-1.33,-2.27,-1.24,-1.70,-1.03,-0.18
489,Bryce McGowens,POR,3,3.0,0.0,0.7,0.3,0.0,0.0,0.0,0.0,0.0,-1.63,-2.99,-1.99,-1.64,-2.27,-1.24,-1.70,-1.03,-0.18
490,Joe Ingles,MIN,1,6.0,0.0,0.0,1.0,0.0,0.0,0.0,0.0,0.0,-1.70,-2.99,-2.25,-1.33,-2.27,-1.24,-1.70,-1.61,-0.18